[
  {
    "id": "kourantei-shimotori-kyushu-9951200b",
    "name": "Kourantei Shimotori",
    "city": "Kumamoto",
    "category": "food"
  },
  {
    "id": "hana-no-ki-kyushu-b029fc8d",
    "name": "Hana no Ki",
    "city": "Kumamoto",
    "category": "food"
  },
  {
    "id": "komurasaki-kamitori-kyushu-afb62c9c",
    "name": "Komurasaki Kamitori",
    "city": "Kumamoto",
    "category": "food"
  },
  {
    "id": "chojuan-kyushu-283f59b7",
    "name": "Chojuan",
    "city": "Kumamoto",
    "category": "food"
  },
  {
    "id": "kumamoto-ramen-kokutei-kyushu-951b1b01",
    "name": "Kumamoto Ramen Kokutei",
    "city": "Kumamoto",
    "category": "food"
  },
  {
    "id": "swiss-shimotori-kyushu-c2f125fa",
    "name": "Swiss Shimotori",
    "city": "Kumamoto",
    "category": "food"
  },
  {
    "id": "daikoku-ramen-kyushu-69fca433",
    "name": "Daikoku Ramen",
    "city": "Kumamoto",
    "category": "food"
  },
  {
    "id": "katsuretsu-tei-shinshigai-kyushu-f9223b7e",
    "name": "Katsuretsu Tei Shinshigai",
    "city": "Kumamoto",
    "category": "food"
  },
  {
    "id": "bunryu-sohonke-kyushu-4fb3f29c",
    "name": "Bunryu Sohonke",
    "city": "Kumamoto",
    "category": "food"
  },
  {
    "id": "kenzo-kyushu-fd80b853",
    "name": "Kenzo",
    "city": "Kumamoto",
    "category": "food"
  },
  {
    "id": "sakurano-baba-josaien-kyushu-7e453a8d",
    "name": "Sakurano Baba Josaien",
    "city": "Kumamoto",
    "category": "food"
  },
  {
    "id": "goro-hachi-kyushu-3e86a0d4",
    "name": "Goro Hachi",
    "city": "Kumamoto",
    "category": "food"
  },
  {
    "id": "amakusa-kaimaru-kyushu-00ab83e1",
    "name": "Amakusa Kaimaru",
    "city": "Kumamoto",
    "category": "food"
  },
  {
    "id": "okada-coffee-kyushu-50364b1c",
    "name": "Okada Coffee",
    "city": "Kumamoto",
    "category": "food"
  },
  {
    "id": "mori-karashi-renkon-kyushu-50f3ec4f",
    "name": "Mori Karashi Renkon",
    "city": "Kumamoto",
    "category": "food"
  },
  {
    "id": "yamami-chaya-kyushu-9af37a0b",
    "name": "Yamami Chaya",
    "city": "Kumamoto",
    "category": "food"
  },
  {
    "id": "ikkyu-honpo-kyushu-aef4c6bd",
    "name": "Ikkyu Honpo",
    "city": "Kumamoto",
    "category": "food"
  },
  {
    "id": "kumamoto-uokura-kyushu-cd3f841f",
    "name": "Kumamoto Uokura",
    "city": "Kumamoto",
    "category": "food"
  },
  {
    "id": "koubai-kyushu-f1752deb",
    "name": "Koubai",
    "city": "Kumamoto",
    "category": "food"
  },
  {
    "id": "kyoto-sushi-matsumoto-kumamoto-kyushu-c7bd3b6d",
    "name": "Kyoto Sushi Matsumoto Kumamoto",
    "city": "Kumamoto",
    "category": "food"
  },
  {
    "id": "negibouzu-kyushu-32b26443",
    "name": "Negibouzu",
    "city": "Kumamoto",
    "category": "food"
  },
  {
    "id": "fujiwara-steak-house-kyushu-2b953fe5",
    "name": "Fujiwara Steak House",
    "city": "Kumamoto",
    "category": "food"
  },
  {
    "id": "tengoku-kyushu-8a0a3c92",
    "name": "Tengoku",
    "city": "Kumamoto",
    "category": "food"
  },
  {
    "id": "yamamoto-ya-kyushu-d50e16c2",
    "name": "Yamamoto-ya",
    "city": "Kumamoto",
    "category": "food"
  },
  {
    "id": "san-sui-tei-kyushu-f88a01ea",
    "name": "San-sui Tei",
    "city": "Kumamoto",
    "category": "food"
  },
  {
    "id": "kumamoto-yatai-mura-kyushu-0e5d9e5a",
    "name": "Kumamoto Yatai Mura",
    "city": "Kumamoto",
    "category": "food"
  },
  {
    "id": "tempura-hirao-kumamoto-style-kyushu-9feca4b5",
    "name": "Tempura Hirao (Kumamoto Style)",
    "city": "Kumamoto",
    "category": "food"
  },
  {
    "id": "tsugumi-kyushu-b0fb1c88",
    "name": "Tsugumi",
    "city": "Kumamoto",
    "category": "food"
  },
  {
    "id": "ajisen-ramen-honten-kyushu-6b3745ba",
    "name": "Ajisen Ramen Honten",
    "city": "Kumamoto",
    "category": "food"
  },
  {
    "id": "akaushi-dining-yoka-yoka-kyushu-1a661a0a",
    "name": "Akaushi Dining Yoka-Yoka",
    "city": "Kumamoto",
    "category": "food"
  },
  {
    "id": "yuurin-an-chugoku-7748d60c",
    "name": "Yuurin-an",
    "city": "Kurashiki",
    "category": "food"
  },
  {
    "id": "kurashiki-momoko-honten-chugoku-38bd35e4",
    "name": "Kurashiki Momoko Honten",
    "city": "Kurashiki",
    "category": "food"
  },
  {
    "id": "otesho-chugoku-573e00fd",
    "name": "Otesho",
    "city": "Kurashiki",
    "category": "food"
  },
  {
    "id": "miyake-shoten-chugoku-de8d1e08",
    "name": "Miyake Shoten",
    "city": "Kurashiki",
    "category": "food"
  },
  {
    "id": "cafe-muscat-chugoku-7018ad2f",
    "name": "Cafe Muscat",
    "city": "Kurashiki",
    "category": "food"
  },
  {
    "id": "ryori-ryokan-tsurugata-chugoku-78e12351",
    "name": "Ryori Ryokan Tsurugata",
    "city": "Kurashiki",
    "category": "food"
  },
  {
    "id": "fukuzushi-chugoku-b7ee20b7",
    "name": "Fukuzushi",
    "city": "Kurashiki",
    "category": "food"
  },
  {
    "id": "kiyutei-chugoku-01655487",
    "name": "Kiyutei",
    "city": "Kurashiki",
    "category": "food"
  },
  {
    "id": "el-greco-chugoku-889da247",
    "name": "El Greco",
    "city": "Kurashiki",
    "category": "food"
  },
  {
    "id": "kamada-chugoku-13c27c17",
    "name": "Kamada",
    "city": "Kurashiki",
    "category": "food"
  },
  {
    "id": "bukkake-udon-furuichi-nakamise-chugoku-aa7561be",
    "name": "Bukkake Udon Furuichi Nakamise",
    "city": "Kurashiki",
    "category": "food"
  },
  {
    "id": "kagizen-yoshifusa-kansai-24b730d4",
    "name": "Kagizen Yoshifusa",
    "city": "Kyoto",
    "category": "food"
  },
  {
    "id": "kichi-kichi-omurice-kansai-5f79c006",
    "name": "Kichi Kichi Omurice",
    "city": "Kyoto",
    "category": "food"
  },
  {
    "id": "wajouryoumen-sugari-kansai-e6d721cd",
    "name": "Wajouryoumen Sugari",
    "city": "Kyoto",
    "category": "food"
  },
  {
    "id": "honke-owariya-kansai-1ba3b269",
    "name": "Honke Owariya",
    "city": "Kyoto",
    "category": "food"
  },
  {
    "id": "miyako-yasai-kamo-kansai-87e88597",
    "name": "Miyako Yasai Kamo",
    "city": "Kyoto",
    "category": "food"
  },
  {
    "id": "nakamura-tokichi-kyoto-station-kansai-04c88451",
    "name": "Nakamura Tokichi Kyoto Station",
    "city": "Kyoto",
    "category": "food"
  },
  {
    "id": "gion-maruyama-kansai-72184580",
    "name": "Gion Maruyama",
    "city": "Kyoto",
    "category": "food"
  },
  {
    "id": "gion-nishikawa-kansai-c1b6ce87",
    "name": "Gion Nishikawa",
    "city": "Kyoto",
    "category": "food"
  },
  {
    "id": "mishima-tei-kansai-e4e40533",
    "name": "Mishima-tei",
    "city": "Kyoto",
    "category": "food"
  },
  {
    "id": "moritaya-pontocho-kansai-d504e102",
    "name": "Moritaya Pontocho",
    "city": "Kyoto",
    "category": "food"
  },
  {
    "id": "yoshikawa-tempura-kansai-afe82a7b",
    "name": "Yoshikawa Tempura",
    "city": "Kyoto",
    "category": "food"
  },
  {
    "id": "izuju-kansai-4405ac7d",
    "name": "Izuju",
    "city": "Kyoto",
    "category": "food"
  },
  {
    "id": "nishin-soba-matsuba-kansai-23b4fa55",
    "name": "Nishin Soba Matsuba",
    "city": "Kyoto",
    "category": "food"
  },
  {
    "id": "yamamoto-menzou-kansai-52b1f318",
    "name": "Yamamoto Menzou",
    "city": "Kyoto",
    "category": "food"
  },
  {
    "id": "okakita-kansai-da2db763",
    "name": "Okakita",
    "city": "Kyoto",
    "category": "food"
  },
  {
    "id": "omen-ginkakuji-kansai-624d488e",
    "name": "Omen Ginkakuji",
    "city": "Kyoto",
    "category": "food"
  },
  {
    "id": "hinode-udon-kansai-cbe5c193",
    "name": "Hinode Udon",
    "city": "Kyoto",
    "category": "food"
  },
  {
    "id": "menbaka-fire-ramen-kansai-d1d3f2fa",
    "name": "Menbaka Fire Ramen",
    "city": "Kyoto",
    "category": "food"
  },
  {
    "id": "menya-inoichi-hanare-kansai-bb53a753",
    "name": "Menya Inoichi Hanare",
    "city": "Kyoto",
    "category": "food"
  },
  {
    "id": "ramen-sen-no-kaze-kansai-3f5bfa7b",
    "name": "Ramen Sen no Kaze",
    "city": "Kyoto",
    "category": "food"
  },
  {
    "id": "ippudo-nishiki-koji-kansai-f06ed631",
    "name": "Ippudo Nishiki-Koji",
    "city": "Kyoto",
    "category": "food"
  },
  {
    "id": "menami-kansai-097fb0f7",
    "name": "Menami",
    "city": "Kyoto",
    "category": "food"
  },
  {
    "id": "gyoza-chaochao-sanjo-kansai-64908eb8",
    "name": "Gyoza ChaoChao Sanjo",
    "city": "Kyoto",
    "category": "food"
  },
  {
    "id": "gyoza-taizou-kansai-f705a39d",
    "name": "Gyoza Taizou",
    "city": "Kyoto",
    "category": "food"
  },
  {
    "id": "chojiro-shijo-kiyamachi-kansai-ac585bf0",
    "name": "Chojiro Shijo Kiyamachi",
    "city": "Kyoto",
    "category": "food"
  },
  {
    "id": "tanaka-keiran-kansai-58515837",
    "name": "Tanaka Keiran",
    "city": "Kyoto",
    "category": "food"
  },
  {
    "id": "konnamonja-kansai-23b8dcbd",
    "name": "Konnamonja",
    "city": "Kyoto",
    "category": "food"
  },
  {
    "id": "daiyasu-kansai-26f0e97d",
    "name": "Daiyasu",
    "city": "Kyoto",
    "category": "food"
  },
  {
    "id": "kai-kansai-ead37046",
    "name": "Kai",
    "city": "Kyoto",
    "category": "food"
  },
  {
    "id": "gion-komori-kansai-340b9288",
    "name": "Gion Komori",
    "city": "Kyoto",
    "category": "food"
  },
  {
    "id": "tsujiri-honten-kansai-04bc4fac",
    "name": "Tsujiri Honten",
    "city": "Kyoto",
    "category": "food"
  },
  {
    "id": "ippodo-tea-room-kansai-5ce21b0d",
    "name": "Ippodo Tea Room",
    "city": "Kyoto",
    "category": "food"
  },
  {
    "id": "koe-donuts-kansai-36b1463b",
    "name": "Koe Donuts",
    "city": "Kyoto",
    "category": "food"
  },
  {
    "id": "katsukura-sanjo-kansai-59fa3a80",
    "name": "Katsukura Sanjo",
    "city": "Kyoto",
    "category": "food"
  },
  {
    "id": "okaru-kansai-0760425e",
    "name": "Okaru",
    "city": "Kyoto",
    "category": "food"
  },
  {
    "id": "ten-yu-kansai-d5ca31c9",
    "name": "Ten-yu",
    "city": "Kyoto",
    "category": "food"
  },
  {
    "id": "arashiyama-yoshimura-kansai-bf1cad67",
    "name": "Arashiyama Yoshimura",
    "city": "Kyoto",
    "category": "food"
  },
  {
    "id": "-arabica-kyoto-arashiyama-kansai-d955c999",
    "name": "% Arabica Kyoto Arashiyama",
    "city": "Kyoto",
    "category": "food"
  },
  {
    "id": "hafuu-honten-kansai-f37e391e",
    "name": "Hafuu Honten",
    "city": "Kyoto",
    "category": "food"
  },
  {
    "id": "wife-husband-kansai-d08bfcc2",
    "name": "Wife & Husband",
    "city": "Kyoto",
    "category": "food"
  },
  {
    "id": "kimura-fresh-fish-kansai-49e194d2",
    "name": "Kimura Fresh Fish",
    "city": "Kyoto",
    "category": "food"
  },
  {
    "id": "weekenders-coffee-tominokoji-kansai-47abcb8d",
    "name": "Weekenders Coffee Tominokoji",
    "city": "Kyoto",
    "category": "food"
  },
  {
    "id": "make-barazushi-a-dish-local-to-the-tango-area-kansai-9ebb5d58",
    "name": "SUSHI WORKSHOP OSAKI",
    "city": "Kyoto",
    "category": "food"
  },
  {
    "id": "hiruzen-yakisoba-masuya-chugoku-14bfcffd",
    "name": "Hiruzen Yakisoba Masuya",
    "city": "Maniwa",
    "category": "food"
  },
  {
    "id": "kitokuras-cafe-shikoku-bc16f766",
    "name": "Kitokuras Cafe",
    "city": "Marugame (Near Takamatsu)",
    "category": "food"
  },
  {
    "id": "usagiya-chugoku-2eba088a",
    "name": "Usagiya",
    "city": "Matsue",
    "category": "food"
  },
  {
    "id": "steakhouse-wada-chugoku-b738594e",
    "name": "Steakhouse Wada",
    "city": "Matsue",
    "category": "food"
  },
  {
    "id": "scarab-chugoku-3b8b7f5d",
    "name": "Scarab",
    "city": "Matsue",
    "category": "food"
  },
  {
    "id": "wasabi-chugoku-22a42a32",
    "name": "Wasabi",
    "city": "Matsue",
    "category": "food"
  },
  {
    "id": "nakamura-chaen-chugoku-5cd081e2",
    "name": "Nakamura Chaen",
    "city": "Matsue",
    "category": "food"
  },
  {
    "id": "furyudo-chugoku-7cdad809",
    "name": "Furyudo",
    "city": "Matsue",
    "category": "food"
  },
  {
    "id": "cafe-terrasse-linq-chugoku-05964fa7",
    "name": "Cafe Terrasse LinQ",
    "city": "Matsue",
    "category": "food"
  },
  {
    "id": "izumo-soba-tataraya-chugoku-02c9d98f",
    "name": "Izumo Soba Tataraya",
    "city": "Matsue",
    "category": "food"
  },
  {
    "id": "kuretake-zushi-chugoku-21b1c649",
    "name": "Kuretake Zushi",
    "city": "Matsue",
    "category": "food"
  },
  {
    "id": "yakiniku-ginzan-wagyu-chugoku-57cdb61f",
    "name": "Yakiniku Ginzan Wagyu",
    "city": "Matsue",
    "category": "food"
  },
  {
    "id": "sumomo-bakery-chugoku-db413476",
    "name": "Sumomo Bakery",
    "city": "Matsue",
    "category": "food"
  },
  {
    "id": "pasta-cafe-dining-bar-borutiche-chugoku-f497e951",
    "name": "Pasta Cafe Dining Bar Borutiche",
    "city": "Matsue",
    "category": "food"
  },
  {
    "id": "gessho-ji-temple-chugoku-96e9e7fe",
    "name": "Gessho-ji Temple",
    "city": "Matsue",
    "category": "food"
  },
  {
    "id": "karakoro-art-studio-chugoku-a67f2633",
    "name": "Karakoro Art Studio",
    "city": "Matsue",
    "category": "food"
  },
  {
    "id": "italian-kitchen-vansan-chugoku-cfbfca02",
    "name": "Italian Kitchen VANSAN",
    "city": "Matsue",
    "category": "food"
  },
  {
    "id": "izakaya-kumakichi-chugoku-104cd743",
    "name": "Izakaya Kumakichi",
    "city": "Matsue",
    "category": "food"
  },
  {
    "id": "kyushu-jiman-chugoku-e54f8d69",
    "name": "Kyushu Jiman",
    "city": "Matsue",
    "category": "food"
  },
  {
    "id": "cafe-kubel-chugoku-8ab8a068",
    "name": "Cafe Kubel",
    "city": "Matsue",
    "category": "food"
  },
  {
    "id": "gurunavi-chugoku-7a65f7a3",
    "name": "Gurunavi",
    "city": "Matsue",
    "category": "food"
  },
  {
    "id": "faber-chugoku-febf464e",
    "name": "Faber",
    "city": "Matsue",
    "category": "food"
  },
  {
    "id": "cafe-bar-franc-chugoku-7853770b",
    "name": "Cafe & Bar FRANC",
    "city": "Matsue",
    "category": "food"
  },
  {
    "id": "meimei-an-tea-house-chugoku-9c9722c9",
    "name": "Meimei-an Tea House",
    "city": "Matsue",
    "category": "food"
  },
  {
    "id": "capina-coffee-chugoku-074d2551",
    "name": "Capina Coffee",
    "city": "Matsue",
    "category": "food"
  },
  {
    "id": "racine-chugoku-dcf89987",
    "name": "Racine",
    "city": "Matsue",
    "category": "food"
  },
  {
    "id": "tamaki-hamanogi-chugoku-b2168544",
    "name": "Tamaki Hamanogi",
    "city": "Matsue",
    "category": "food"
  },
  {
    "id": "saiundo-honten-chugoku-7d565afa",
    "name": "Saiundo Honten",
    "city": "Matsue",
    "category": "food"
  },
  {
    "id": "yakumoan-chugoku-f2c8575e",
    "name": "Yakumoan",
    "city": "Matsue",
    "category": "food"
  },
  {
    "id": "yakumo-chugoku-a5cdef05",
    "name": "Yakumo",
    "city": "Matsue",
    "category": "food"
  },
  {
    "id": "restaurant-mosoro-chugoku-a75a523b",
    "name": "Restaurant Mosoro",
    "city": "Matsue",
    "category": "food"
  },
  {
    "id": "shimane-local-products-center-chugoku-317ed572",
    "name": "Shimane Local Products Center",
    "city": "Matsue",
    "category": "food"
  },
  {
    "id": "pantry-chugoku-38e56026",
    "name": "Pantry",
    "city": "Matsue",
    "category": "food"
  },
  {
    "id": "wien-chugoku-2182c883",
    "name": "Wien",
    "city": "Matsue",
    "category": "food"
  },
  {
    "id": "yuushien-garden-restaurant-chugoku-02536682",
    "name": "Yuushien Garden Restaurant",
    "city": "Matsue",
    "category": "food"
  },
  {
    "id": "kamiyo-soba-chugoku-2fe7b6f0",
    "name": "Kamiyo Soba",
    "city": "Matsue",
    "category": "food"
  },
  {
    "id": "toriya-ebisu-chugoku-86bed541",
    "name": "Toriya Ebisu",
    "city": "Matsue",
    "category": "food"
  },
  {
    "id": "hamayaki-sakaba-minato-chugoku-73a5d746",
    "name": "Hamayaki Sakaba Minato",
    "city": "Matsue",
    "category": "food"
  },
  {
    "id": "sky-view-candle-chugoku-24e4b4cf",
    "name": "Sky View Candle",
    "city": "Matsue",
    "category": "food"
  },
  {
    "id": "kawakyo-chugoku-aa5f7ea6",
    "name": "Kawakyo",
    "city": "Matsue",
    "category": "food"
  },
  {
    "id": "izumo-soba-kigaru-chugoku-5d8108f9",
    "name": "Izumo Soba Kigaru",
    "city": "Matsue",
    "category": "food"
  },
  {
    "id": "funatsu-chugoku-4e036383",
    "name": "Funatsu",
    "city": "Matsue",
    "category": "food"
  },
  {
    "id": "kiharu-tea-room-chugoku-44813957",
    "name": "Kiharu Tea Room",
    "city": "Matsue",
    "category": "food"
  },
  {
    "id": "unagi-dokoro-oga-chugoku-f6bacc13",
    "name": "Unagi-dokoro Oga",
    "city": "Matsue",
    "category": "food"
  },
  {
    "id": "oden-sho-chugoku-9f84a5b4",
    "name": "Oden Sho",
    "city": "Matsue",
    "category": "food"
  },
  {
    "id": "ryotei-minami-chugoku-7e210ed9",
    "name": "Ryotei Minami",
    "city": "Matsue",
    "category": "food"
  },
  {
    "id": "sanin-sakaba-kamiari-chugoku-fced6dc8",
    "name": "Sanin Sakaba Kamiari",
    "city": "Matsue",
    "category": "food"
  },
  {
    "id": "kamekichi-shikoku-1767fafb",
    "name": "Kamekichi",
    "city": "Matsuyama",
    "category": "food"
  },
  {
    "id": "torimero-okaido-shikoku-3ad5bdca",
    "name": "Torimero Okaido",
    "city": "Matsuyama",
    "category": "food"
  },
  {
    "id": "kushikatsu-tanaka-okaido-shikoku-9e089140",
    "name": "Kushikatsu Tanaka Okaido",
    "city": "Matsuyama",
    "category": "food"
  },
  {
    "id": "laboratoire-l-art-et-la-maniere-shikoku-f55aab11",
    "name": "Laboratoire L'art et la Maniere",
    "city": "Matsuyama",
    "category": "food"
  },
  {
    "id": "mikan-juice-faucet-matsuyama-airport-shikoku-8d50b1c8",
    "name": "Mikan Juice Faucet (Matsuyama Airport)",
    "city": "Matsuyama",
    "category": "food"
  },
  {
    "id": "yakitori-gang-shikoku-df0cf392",
    "name": "Yakitori Gang",
    "city": "Matsuyama",
    "category": "food"
  },
  {
    "id": "sushi-no-ma-shikoku-46100c67",
    "name": "Sushi no Ma",
    "city": "Matsuyama",
    "category": "food"
  },
  {
    "id": "nanohana-shikoku-4771a5a8",
    "name": "Nanohana",
    "city": "Matsuyama",
    "category": "food"
  },
  {
    "id": "paradiso-shikoku-44db3a8b",
    "name": "Paradiso",
    "city": "Matsuyama",
    "category": "food"
  },
  {
    "id": "funaya-shikoku-44f0d4bc",
    "name": "Funaya",
    "city": "Matsuyama",
    "category": "food"
  },
  {
    "id": "yamatoya-honten-restaurant-shikoku-ae3ebf29",
    "name": "Yamatoya Honten Restaurant",
    "city": "Matsuyama",
    "category": "food"
  },
  {
    "id": "ootaki-shikoku-d15c2231",
    "name": "Ootaki",
    "city": "Matsuyama",
    "category": "food"
  },
  {
    "id": "kiyomizu-shikoku-736115c7",
    "name": "Kiyomizu",
    "city": "Matsuyama",
    "category": "food"
  },
  {
    "id": "karage-shokudo-goichi-shikoku-3d7a970c",
    "name": "Karage Shokudo Goichi",
    "city": "Matsuyama",
    "category": "food"
  },
  {
    "id": "kurofune-sobanzai-shikoku-7362cb14",
    "name": "Kurofune Sobanzai",
    "city": "Matsuyama",
    "category": "food"
  },
  {
    "id": "saka-no-ue-no-kumo-museum-cafe-shikoku-c902b723",
    "name": "Saka no Ue no Kumo Museum Cafe",
    "city": "Matsuyama",
    "category": "food"
  },
  {
    "id": "iyo-tanuki-shikoku-3eaf7bf7",
    "name": "Iyo Tanuki",
    "city": "Matsuyama",
    "category": "food"
  },
  {
    "id": "utsuboya-shikoku-80600fb7",
    "name": "Utsuboya",
    "city": "Matsuyama",
    "category": "food"
  },
  {
    "id": "dogo-musubi-kaguwa-shikoku-ca4306b0",
    "name": "Dogo Musubi Kaguwa",
    "city": "Matsuyama",
    "category": "food"
  },
  {
    "id": "cafe-flare-shikoku-dd97a0ad",
    "name": "Cafe Flare",
    "city": "Matsuyama",
    "category": "food"
  },
  {
    "id": "rico-sweets-shikoku-a8bf4744",
    "name": "Rico Sweets",
    "city": "Matsuyama",
    "category": "food"
  },
  {
    "id": "nishiki-iwamoto-shikoku-efa9c8c4",
    "name": "Nishiki Iwamoto",
    "city": "Matsuyama",
    "category": "food"
  },
  {
    "id": "bansuiso-cafe-shikoku-408a2660",
    "name": "Bansuiso Cafe",
    "city": "Matsuyama",
    "category": "food"
  },
  {
    "id": "yakitori-tenguyashiki-momotaro-shikoku-7d5ffec7",
    "name": "Yakitori Tenguyashiki Momotaro",
    "city": "Matsuyama",
    "category": "food"
  },
  {
    "id": "dogo-pudding-shikoku-f5ea551e",
    "name": "Dogo Pudding",
    "city": "Matsuyama",
    "category": "food"
  },
  {
    "id": "sohsoh-shikoku-56b4cf14",
    "name": "Sohsoh",
    "city": "Matsuyama",
    "category": "food"
  },
  {
    "id": "menya-niikura-shikoku-cee5de06",
    "name": "Menya Niikura",
    "city": "Matsuyama",
    "category": "food"
  },
  {
    "id": "kaisen-shubo-umemaru-shikoku-378612e1",
    "name": "Kaisen Shubo Umemaru",
    "city": "Matsuyama",
    "category": "food"
  },
  {
    "id": "dogo-beer-hall-shikoku-6fad3588",
    "name": "Dogo Beer Hall",
    "city": "Matsuyama",
    "category": "food"
  },
  {
    "id": "taimeshi-maki-shikoku-b070fefd",
    "name": "Taimeshi Maki",
    "city": "Matsuyama",
    "category": "food"
  },
  {
    "id": "hyota-shikoku-c018785f",
    "name": "Hyota",
    "city": "Matsuyama",
    "category": "food"
  },
  {
    "id": "sushi-maru-honten-shikoku-2910d018",
    "name": "Sushi Maru Honten",
    "city": "Matsuyama",
    "category": "food"
  },
  {
    "id": "10-factory-dogo-shikoku-efad71c6",
    "name": "10 Factory Dogo",
    "city": "Matsuyama",
    "category": "food"
  },
  {
    "id": "taimeshi-akiyoshi-shikoku-99cd76aa",
    "name": "Taimeshi Akiyoshi",
    "city": "Matsuyama",
    "category": "food"
  },
  {
    "id": "hi-no-de-shikoku-348cb6d0",
    "name": "Hi no De",
    "city": "Matsuyama",
    "category": "food"
  },
  {
    "id": "kotori-shikoku-13b14bab",
    "name": "Kotori",
    "city": "Matsuyama",
    "category": "food"
  },
  {
    "id": "ganso-uwajima-taimeshi-kadoya-shikoku-eb86615f",
    "name": "Ganso Uwajima Taimeshi Kadoya",
    "city": "Matsuyama",
    "category": "food"
  },
  {
    "id": "goshiki-honten-shikoku-454ebdfe",
    "name": "Goshiki Honten",
    "city": "Matsuyama",
    "category": "food"
  },
  {
    "id": "dogo-no-machiya-shikoku-1689dd93",
    "name": "Dogo no Machiya",
    "city": "Matsuyama",
    "category": "food"
  },
  {
    "id": "mustakivi-shikoku-4b1e55c0",
    "name": "Mustakivi",
    "city": "Matsuyama",
    "category": "food"
  },
  {
    "id": "la-branche-shikoku-bb272aa2",
    "name": "La Branche",
    "city": "Matsuyama",
    "category": "food"
  },
  {
    "id": "tsuboya-shikoku-9804b080",
    "name": "Tsuboya",
    "city": "Matsuyama",
    "category": "food"
  },
  {
    "id": "okonomiyaki-miyoshi-shikoku-d8ffdcb6",
    "name": "Okonomiyaki Miyoshi",
    "city": "Matsuyama",
    "category": "food"
  },
  {
    "id": "asahi-shikoku-3f3c8bce",
    "name": "Asahi",
    "city": "Matsuyama",
    "category": "food"
  },
  {
    "id": "isshinmaru-dogo-shikoku-eb443d3c",
    "name": "Isshinmaru Dogo",
    "city": "Matsuyama",
    "category": "food"
  },
  {
    "id": "amaguri-shikoku-09385ae5",
    "name": "Amaguri",
    "city": "Matsuyama",
    "category": "food"
  },
  {
    "id": "shokudo-kamecchi-chugoku-0d5a1b1a",
    "name": "Shokudo Kamecchi",
    "city": "Misaki",
    "category": "food"
  },
  {
    "id": "hamando-shikoku-00cb412a",
    "name": "Hamando",
    "city": "Mitoyo (Near Takamatsu)",
    "category": "food"
  },
  {
    "id": "soba-dokoro-hashikura-shikoku-aa5957b2",
    "name": "Soba-dokoro Hashikura",
    "city": "Miyoshi (Iya Valley)",
    "category": "food"
  },
  {
    "id": "iya-onsen-hotel-restaurant-shikoku-f30aaff1",
    "name": "Iya Onsen Hotel Restaurant",
    "city": "Miyoshi (Iya Valley)",
    "category": "food"
  },
  {
    "id": "shokudo-haretoke-shikoku-b4aebe81",
    "name": "Shokudo Haretoke",
    "city": "Miyoshi (Iya Valley)",
    "category": "food"
  },
  {
    "id": "morioka-wanko-soba-tohoku-a539a47b",
    "name": "Morioka Wanko Soba",
    "city": "Morioka",
    "category": "food"
  },
  {
    "id": "unryutei-kyushu-d7959664",
    "name": "Unryutei",
    "city": "Nagasaki",
    "category": "food"
  },
  {
    "id": "koiso-kyushu-65a1d28e",
    "name": "Koiso",
    "city": "Nagasaki",
    "category": "food"
  },
  {
    "id": "akasatana-kyushu-549499ac",
    "name": "Akasatana",
    "city": "Nagasaki",
    "category": "food"
  },
  {
    "id": "soshurin-kyushu-552ed2a6",
    "name": "Soshurin",
    "city": "Nagasaki",
    "category": "food"
  },
  {
    "id": "june-coffee-kyushu-e4b4876a",
    "name": "June Coffee",
    "city": "Nagasaki",
    "category": "food"
  },
  {
    "id": "osakaya-hamanomachi-kyushu-d79769d7",
    "name": "Osakaya Hamanomachi",
    "city": "Nagasaki",
    "category": "food"
  },
  {
    "id": "hamanomachi-pudding-kyushu-b3ce3a00",
    "name": "Hamanomachi Pudding",
    "city": "Nagasaki",
    "category": "food"
  },
  {
    "id": "dojin-kyushu-4186ba14",
    "name": "Dojin",
    "city": "Nagasaki",
    "category": "food"
  },
  {
    "id": "nicky-arnstein-kyushu-26dda32a",
    "name": "Nicky Arnstein",
    "city": "Nagasaki",
    "category": "food"
  },
  {
    "id": "ten-ten-yu-kyushu-a20f66c7",
    "name": "Ten Ten Yu",
    "city": "Nagasaki",
    "category": "food"
  },
  {
    "id": "gonin-byakusho-kyushu-1c283dd1",
    "name": "Gonin Byakusho",
    "city": "Nagasaki",
    "category": "food"
  },
  {
    "id": "tarafuku-asa-kyushu-f3133afd",
    "name": "Tarafuku Asa",
    "city": "Nagasaki",
    "category": "food"
  },
  {
    "id": "yakitori-torimasa-kyushu-41daf3ac",
    "name": "Yakitori Torimasa",
    "city": "Nagasaki",
    "category": "food"
  },
  {
    "id": "kyorakuen-kyushu-60ea0c55",
    "name": "Kyorakuen",
    "city": "Nagasaki",
    "category": "food"
  },
  {
    "id": "shianbashi-ramen-kyushu-5ddce0eb",
    "name": "Shianbashi Ramen",
    "city": "Nagasaki",
    "category": "food"
  },
  {
    "id": "sakamotoya-kyushu-e1a6ba6a",
    "name": "Sakamotoya",
    "city": "Nagasaki",
    "category": "food"
  },
  {
    "id": "shikairou-kyushu-89076fa8",
    "name": "Shikairou",
    "city": "Nagasaki",
    "category": "food"
  },
  {
    "id": "kitchen-seiji-kyushu-47ae1c04",
    "name": "Kitchen Seiji",
    "city": "Nagasaki",
    "category": "food"
  },
  {
    "id": "shippoku-hamakatsu-kyushu-f3ba6673",
    "name": "Shippoku Hamakatsu",
    "city": "Nagasaki",
    "category": "food"
  },
  {
    "id": "bunmeido-main-store-kyushu-eb259dfb",
    "name": "Bunmeido Main Store",
    "city": "Nagasaki",
    "category": "food"
  },
  {
    "id": "shooken-main-store-kyushu-7694ad6d",
    "name": "Shooken Main Store",
    "city": "Nagasaki",
    "category": "food"
  },
  {
    "id": "horaiken-kyushu-062d1e10",
    "name": "Horaiken",
    "city": "Nagasaki",
    "category": "food"
  },
  {
    "id": "ramen-hiiragi-kyushu-dc9165b6",
    "name": "Ramen Hiiragi",
    "city": "Nagasaki",
    "category": "food"
  },
  {
    "id": "cafe-olympic-kyushu-6656068c",
    "name": "Cafe Olympic",
    "city": "Nagasaki",
    "category": "food"
  },
  {
    "id": "iwasaki-honpo-kyushu-39d9a920",
    "name": "Iwasaki Honpo",
    "city": "Nagasaki",
    "category": "food"
  },
  {
    "id": "kaniya-kyushu-e6c6f5b9",
    "name": "Kaniya",
    "city": "Nagasaki",
    "category": "food"
  },
  {
    "id": "attic-kyushu-d2acc885",
    "name": "Attic",
    "city": "Nagasaki",
    "category": "food"
  },
  {
    "id": "bistro-bordeaux-kyushu-1066abd5",
    "name": "Bistro Bordeaux",
    "city": "Nagasaki",
    "category": "food"
  },
  {
    "id": "menya-always-kyushu-edfdd1f2",
    "name": "Menya Always",
    "city": "Nagasaki",
    "category": "food"
  },
  {
    "id": "hountei-kyushu-2399f251",
    "name": "Hountei",
    "city": "Nagasaki",
    "category": "food"
  },
  {
    "id": "fukusaya-main-store-kyushu-4be979e4",
    "name": "Fukusaya Main Store",
    "city": "Nagasaki",
    "category": "food"
  },
  {
    "id": "tsuruchan-kyushu-5d8e0143",
    "name": "Tsuruchan",
    "city": "Nagasaki",
    "category": "food"
  },
  {
    "id": "yossou-kyushu-29754689",
    "name": "Yossou",
    "city": "Nagasaki",
    "category": "food"
  },
  {
    "id": "kozanrou-chinatown-kyushu-a6d17596",
    "name": "Kozanrou Chinatown",
    "city": "Nagasaki",
    "category": "food"
  },
  {
    "id": "baigetsudo-kyushu-d47dbc72",
    "name": "Baigetsudo",
    "city": "Nagasaki",
    "category": "food"
  },
  {
    "id": "kaisen-ichiba-nagasakiko-kyushu-7b795fea",
    "name": "Kaisen Ichiba Nagasakiko",
    "city": "Nagasaki",
    "category": "food"
  },
  {
    "id": "ryotei-kagetsu-kyushu-e4c256b3",
    "name": "Ryotei Kagetsu",
    "city": "Nagasaki",
    "category": "food"
  },
  {
    "id": "minamiyamate-pudding-kyushu-31d08a44",
    "name": "Minamiyamate Pudding",
    "city": "Nagasaki",
    "category": "food"
  },
  {
    "id": "eiraku-kyushu-c1e3173b",
    "name": "Eiraku",
    "city": "Nagasaki",
    "category": "food"
  },
  {
    "id": "glover-garden-jiyutei-kyushu-2a026601",
    "name": "Glover Garden Jiyutei",
    "city": "Nagasaki",
    "category": "food"
  },
  {
    "id": "coffee-fujio-kyushu-dfb457f7",
    "name": "Coffee Fujio",
    "city": "Nagasaki",
    "category": "food"
  },
  {
    "id": "lao-lee-kyushu-17298201",
    "name": "Lao Lee",
    "city": "Nagasaki",
    "category": "food"
  },
  {
    "id": "restaurant-pave-kyushu-ee2fa972",
    "name": "Restaurant Pave",
    "city": "Nagasaki",
    "category": "food"
  },
  {
    "id": "nagasaki-wagyu-yakiniku-pure-kyushu-ee19dc02",
    "name": "Nagasaki Wagyu Yakiniku Pure",
    "city": "Nagasaki",
    "category": "food"
  },
  {
    "id": "miso-meshiya-marutama-okinawa-649f657f",
    "name": "Miso Meshiya Marutama",
    "city": "Naha",
    "category": "food"
  },
  {
    "id": "koyaji-okinawa-4e8358b1",
    "name": "Koyaji",
    "city": "Naha",
    "category": "food"
  },
  {
    "id": "c-c-breakfast-okinawa-okinawa-2980d690",
    "name": "C&C Breakfast Okinawa",
    "city": "Naha",
    "category": "food"
  },
  {
    "id": "ten-to-ten-okinawa-4876c9e0",
    "name": "Ten to Ten",
    "city": "Naha",
    "category": "food"
  },
  {
    "id": "ramen-danbo-naha-okinawa-2cf33bfd",
    "name": "Ramen Danbo Naha",
    "city": "Naha",
    "category": "food"
  },
  {
    "id": "blue-seal-kokusai-dori-okinawa-95c430b0",
    "name": "Blue Seal Kokusai-dori",
    "city": "Naha",
    "category": "food"
  },
  {
    "id": "maguro-mart-okinawa-8459be20",
    "name": "Maguro Mart",
    "city": "Naha",
    "category": "food"
  },
  {
    "id": "toribori-okinawa-d5f92ed0",
    "name": "Toribori",
    "city": "Naha",
    "category": "food"
  },
  {
    "id": "lucky-tacos-okinawa-f148f69e",
    "name": "Lucky Tacos",
    "city": "Naha",
    "category": "food"
  },
  {
    "id": "yakiniku-motobu-bokujo-naha-okinawa-47def50f",
    "name": "Yakiniku Motobu Bokujo Naha",
    "city": "Naha",
    "category": "food"
  },
  {
    "id": "yunangi-okinawa-3e6c4c9b",
    "name": "Yunangi",
    "city": "Naha",
    "category": "food"
  },
  {
    "id": "steakhouse-88-kokusai-dori-okinawa-5cdd2049",
    "name": "Steakhouse 88 Kokusai-dori",
    "city": "Naha",
    "category": "food"
  },
  {
    "id": "okinawa-soba-eibun-okinawa-e5cada3f",
    "name": "Okinawa Soba Eibun",
    "city": "Naha",
    "category": "food"
  },
  {
    "id": "hanagasa-shokudo-okinawa-eae3ba7d",
    "name": "Hanagasa Shokudo",
    "city": "Naha",
    "category": "food"
  },
  {
    "id": "shimauta-live-juri-okinawa-0c2e506f",
    "name": "Shimauta Live Juri",
    "city": "Naha",
    "category": "food"
  },
  {
    "id": "kurtos-kalacs-okinawa-a8530638",
    "name": "Kurtos Kalacs",
    "city": "Naha",
    "category": "food"
  },
  {
    "id": "daikokuya-genghis-khan-okinawa-a91aeaad",
    "name": "Daikokuya Genghis Khan",
    "city": "Naha",
    "category": "food"
  },
  {
    "id": "benryya-okinawa-6b604b29",
    "name": "Benryya",
    "city": "Naha",
    "category": "food"
  },
  {
    "id": "tsubame-shokudo-okinawa-4f8a4594",
    "name": "Tsubame Shokudo",
    "city": "Naha",
    "category": "food"
  },
  {
    "id": "oden-toudai-okinawa-8cbccc32",
    "name": "Oden Toudai",
    "city": "Naha",
    "category": "food"
  },
  {
    "id": "tacos-ya-kokusai-dori-okinawa-e66ec808",
    "name": "Tacos-ya Kokusai-dori",
    "city": "Naha",
    "category": "food"
  },
  {
    "id": "ball-donut-park-okinawa-d21e2049",
    "name": "Ball Donut Park",
    "city": "Naha",
    "category": "food"
  },
  {
    "id": "fontana-gelato-okinawa-a7948d70",
    "name": "Fontana Gelato",
    "city": "Naha",
    "category": "food"
  }
]
