[
  {
    "id": "ryukyu-ryori-mie-okinawa-2ded2c63",
    "name": "Ryukyu Ryori Mie",
    "city": "Naha",
    "category": "food"
  },
  {
    "id": "pork-tamago-onigiri-honten-okinawa-ba7168ab",
    "name": "Pork Tamago Onigiri Honten",
    "city": "Naha",
    "category": "food"
  },
  {
    "id": "uchina-chaya-buku-buku-okinawa-5e582727",
    "name": "Uchina Chaya Buku-Buku",
    "city": "Naha",
    "category": "food"
  },
  {
    "id": "takara-shokudo-okinawa-c4677d0a",
    "name": "Takara Shokudo",
    "city": "Naha",
    "category": "food"
  },
  {
    "id": "kame-kame-soba-okinawa-e5518b04",
    "name": "Kame Kame Soba",
    "city": "Naha",
    "category": "food"
  },
  {
    "id": "george-restaurant-okinawa-bd35ed12",
    "name": "George Restaurant",
    "city": "Naha",
    "category": "food"
  },
  {
    "id": "piparchi-kitchen-okinawa-87891e95",
    "name": "Piparchi Kitchen",
    "city": "Naha",
    "category": "food"
  },
  {
    "id": "jef-sunrise-naha-okinawa-173d69a8",
    "name": "Jef Sunrise Naha",
    "city": "Naha",
    "category": "food"
  },
  {
    "id": "mahoroba-okinawa-fdcb7958",
    "name": "Mahoroba",
    "city": "Naha",
    "category": "food"
  },
  {
    "id": "daito-soba-okinawa-81129ebe",
    "name": "Daito Soba",
    "city": "Naha",
    "category": "food"
  },
  {
    "id": "sam-s-sailor-inn-okinawa-6fb1060c",
    "name": "Sam's Sailor Inn",
    "city": "Naha",
    "category": "food"
  },
  {
    "id": "boroboro-okinawa-ef3b697c",
    "name": "Boroboro",
    "city": "Naha",
    "category": "food"
  },
  {
    "id": "urizun-okinawa-e65990a9",
    "name": "Urizun",
    "city": "Naha",
    "category": "food"
  },
  {
    "id": "jack-s-steak-house-okinawa-e1572474",
    "name": "Jack's Steak House",
    "city": "Naha",
    "category": "food"
  },
  {
    "id": "fuji-ya-okinawa-ca0bce36",
    "name": "Fuji-ya",
    "city": "Naha",
    "category": "food"
  },
  {
    "id": "yappari-steak-3rd-okinawa-46068a00",
    "name": "Yappari Steak 3rd",
    "city": "Naha",
    "category": "food"
  },
  {
    "id": "ryukyu-sabo-ashibiuna-okinawa-8577d176",
    "name": "Ryukyu Sabo Ashibiuna",
    "city": "Naha",
    "category": "food"
  },
  {
    "id": "jambo-steak-hans-okinawa-1e188f76",
    "name": "Jambo Steak Hans",
    "city": "Naha",
    "category": "food"
  },
  {
    "id": "shuri-soba-okinawa-209ecab1",
    "name": "Shuri Soba",
    "city": "Naha",
    "category": "food"
  },
  {
    "id": "mikado-okinawa-44462ffd",
    "name": "Mikado",
    "city": "Naha",
    "category": "food"
  },
  {
    "id": "a-w-naha-kanagusuku-okinawa-b95264f9",
    "name": "A&W Naha Kanagusuku",
    "city": "Naha",
    "category": "food"
  },
  {
    "id": "menya-ryu-kansai-18aaa1b5",
    "name": "Menya Ryu",
    "city": "Nara",
    "category": "food"
  },
  {
    "id": "wa-yamamura-kansai-614d2efc",
    "name": "Wa Yamamura",
    "city": "Nara",
    "category": "food"
  },
  {
    "id": "kikusuiro-kansai-a07c1529",
    "name": "Kikusuiro",
    "city": "Nara",
    "category": "food"
  },
  {
    "id": "awa-naramachi-kansai-577a54da",
    "name": "Awa Naramachi",
    "city": "Nara",
    "category": "food"
  },
  {
    "id": "tsukihitei-kansai-23ef7336",
    "name": "Tsukihitei",
    "city": "Nara",
    "category": "food"
  },
  {
    "id": "nakatanidou-kansai-a33ca170",
    "name": "Nakatanidou",
    "city": "Nara",
    "category": "food"
  },
  {
    "id": "kakinoha-sushi-hiraso-kansai-e216e954",
    "name": "Kakinoha Sushi Hiraso",
    "city": "Nara",
    "category": "food"
  },
  {
    "id": "izasa-todaiji-kansai-a0f64601",
    "name": "Izasa Todaiji",
    "city": "Nara",
    "category": "food"
  },
  {
    "id": "kamameshi-shizuka-kouen-ten-kansai-93f7e24e",
    "name": "Kamameshi Shizuka Kouen-ten",
    "city": "Nara",
    "category": "food"
  },
  {
    "id": "menya-noroma-kansai-76a17870",
    "name": "Menya Noroma",
    "city": "Nara",
    "category": "food"
  },
  {
    "id": "ramen-mitsuba-kansai-b2ae0f8d",
    "name": "Ramen Mitsuba",
    "city": "Nara",
    "category": "food"
  },
  {
    "id": "maguro-koya-kansai-bf9d7b94",
    "name": "Maguro Koya",
    "city": "Nara",
    "category": "food"
  },
  {
    "id": "kamaiki-kansai-d1f3fec4",
    "name": "Kamaiki",
    "city": "Nara",
    "category": "food"
  },
  {
    "id": "men-touan-kansai-6f4300b9",
    "name": "Men Touan",
    "city": "Nara",
    "category": "food"
  },
  {
    "id": "housekibako-kansai-4603de56",
    "name": "Housekibako",
    "city": "Nara",
    "category": "food"
  },
  {
    "id": "rokumei-coffee-kansai-dfd85b7b",
    "name": "Rokumei Coffee",
    "city": "Nara",
    "category": "food"
  },
  {
    "id": "miyake-kyukonoiketei-kansai-094c8e74",
    "name": "Miyake Kyukonoiketei",
    "city": "Nara",
    "category": "food"
  },
  {
    "id": "kura-kansai-d8a3ddc2",
    "name": "Kura",
    "city": "Nara",
    "category": "food"
  },
  {
    "id": "edogawa-naramachi-kansai-3f57ef02",
    "name": "Edogawa Naramachi",
    "city": "Nara",
    "category": "food"
  },
  {
    "id": "unagino-toyokawa-kansai-9ef6ca71",
    "name": "Unagino Toyokawa",
    "city": "Nara",
    "category": "food"
  },
  {
    "id": "mizutani-chaya-kansai-2caeaf79",
    "name": "Mizutani Chaya",
    "city": "Nara",
    "category": "food"
  },
  {
    "id": "nino-kansai-75437c77",
    "name": "Nino",
    "city": "Nara",
    "category": "food"
  },
  {
    "id": "sakura-burger-kansai-bb282e63",
    "name": "Sakura Burger",
    "city": "Nara",
    "category": "food"
  },
  {
    "id": "kana-kana-kansai-a63e4d66",
    "name": "Kana Kana",
    "city": "Nara",
    "category": "food"
  },
  {
    "id": "tou-no-chaya-kansai-b0200e60",
    "name": "Tou no Chaya",
    "city": "Nara",
    "category": "food"
  },
  {
    "id": "kashiya-kansai-514136f2",
    "name": "Kashiya",
    "city": "Nara",
    "category": "food"
  },
  {
    "id": "mahoroba-daibutsu-pudding-kansai-799ce4b7",
    "name": "Mahoroba Daibutsu Pudding",
    "city": "Nara",
    "category": "food"
  },
  {
    "id": "kameya-kansai-f11db2d0",
    "name": "Kameya",
    "city": "Nara",
    "category": "food"
  },
  {
    "id": "yamatuan-kansai-ebf309df",
    "name": "Yamatuan",
    "city": "Nara",
    "category": "food"
  },
  {
    "id": "terakawa-kansai-ce3caf0c",
    "name": "Terakawa",
    "city": "Nara",
    "category": "food"
  },
  {
    "id": "sobadokoro-kitahara-kansai-054e1c49",
    "name": "Sobadokoro Kitahara",
    "city": "Nara",
    "category": "food"
  },
  {
    "id": "kasuga-ninai-jaya-kansai-5cf63ae8",
    "name": "Kasuga Ninai Jaya",
    "city": "Nara",
    "category": "food"
  },
  {
    "id": "akordu-kansai-5f9cff1d",
    "name": "Akordu",
    "city": "Nara",
    "category": "food"
  },
  {
    "id": "la-trace-kansai-3469f5a8",
    "name": "La Trace",
    "city": "Nara",
    "category": "food"
  },
  {
    "id": "karamell-kansai-53244096",
    "name": "Karamell",
    "city": "Nara",
    "category": "food"
  },
  {
    "id": "cafe-zucca-kansai-8fae3aa9",
    "name": "Cafe Zucca",
    "city": "Nara",
    "category": "food"
  },
  {
    "id": "mellow-cafe-kansai-68c0a770",
    "name": "Mellow Cafe",
    "city": "Nara",
    "category": "food"
  },
  {
    "id": "harishin-kansai-78ed567c",
    "name": "Harishin",
    "city": "Nara",
    "category": "food"
  },
  {
    "id": "makanai-kitchen-kura-kansai-a8c6deef",
    "name": "Makanai Kitchen Kura",
    "city": "Nara",
    "category": "food"
  },
  {
    "id": "surugamachi-no-okonomiyakiya-kansai-3fa17d83",
    "name": "Surugamachi no Okonomiyakiya",
    "city": "Nara",
    "category": "food"
  },
  {
    "id": "toi-inshokuten-kansai-b66ceddb",
    "name": "Toi Inshokuten",
    "city": "Nara",
    "category": "food"
  },
  {
    "id": "wakasa-curry-honpo-kansai-f08afa1f",
    "name": "Wakasa Curry Honpo",
    "city": "Nara",
    "category": "food"
  },
  {
    "id": "tsukemen-mushin-kansai-f3fc367e",
    "name": "Tsukemen Mushin",
    "city": "Nara",
    "category": "food"
  },
  {
    "id": "minami-shokudo-kansai-7f812be7",
    "name": "Minami Shokudo",
    "city": "Nara",
    "category": "food"
  },
  {
    "id": "kakinoha-sushi-honpo-tanaka-nara-station-kansai-b0fe2d48",
    "name": "Kakinoha Sushi Honpo Tanaka Nara Station",
    "city": "Nara",
    "category": "food"
  },
  {
    "id": "naruto-udon-shikoku-f787450e",
    "name": "Naruto Udon",
    "city": "Naruto",
    "category": "food"
  },
  {
    "id": "binbi-ya-shikoku-ca00e336",
    "name": "Binbi-ya",
    "city": "Naruto",
    "category": "food"
  },
  {
    "id": "california-table-shikoku-186ea8c0",
    "name": "California Table",
    "city": "Naruto",
    "category": "food"
  },
  {
    "id": "sakana-daisho-shikoku-da6e8cd8",
    "name": "Sakana Daisho",
    "city": "Naruto",
    "category": "food"
  },
  {
    "id": "french-monster-shikoku-b74b4680",
    "name": "French Monster",
    "city": "Naruto",
    "category": "food"
  },
  {
    "id": "resort-hotel-moana-coast-fishbone-shikoku-192c9180",
    "name": "Resort Hotel Moana Coast (Fishbone)",
    "city": "Naruto",
    "category": "food"
  },
  {
    "id": "uotaisyo-shikoku-4d846627",
    "name": "Uotaisyo",
    "city": "Naruto",
    "category": "food"
  },
  {
    "id": "tenjin-soba-chugoku-1d6a1775",
    "name": "Tenjin Soba",
    "city": "Okayama",
    "category": "food"
  },
  {
    "id": "kibizen-chugoku-a1b6b6e0",
    "name": "Kibizen",
    "city": "Okayama",
    "category": "food"
  },
  {
    "id": "aoibado-chugoku-ff60ff3a",
    "name": "Aoibado",
    "city": "Okayama",
    "category": "food"
  },
  {
    "id": "tsubogugawa-chugoku-6fee9181",
    "name": "Tsubogugawa",
    "city": "Okayama",
    "category": "food"
  },
  {
    "id": "ajitsukasa-nomura-chugoku-1f45e23e",
    "name": "Ajitsukasa Nomura",
    "city": "Okayama",
    "category": "food"
  },
  {
    "id": "shokudo-yamato-chugoku-d09bdace",
    "name": "Shokudo Yamato",
    "city": "Okayama",
    "category": "food"
  },
  {
    "id": "azumazushi-chugoku-85650b05",
    "name": "Azumazushi",
    "city": "Okayama",
    "category": "food"
  },
  {
    "id": "fruit-parlor-okado-chugoku-127d18b1",
    "name": "Fruit Parlor Okado",
    "city": "Okayama",
    "category": "food"
  },
  {
    "id": "bokkee-ramen-chugoku-2f51c65a",
    "name": "Bokkee Ramen",
    "city": "Okayama",
    "category": "food"
  },
  {
    "id": "hamayuu-chugoku-d662d5e9",
    "name": "Hamayuu",
    "city": "Okayama",
    "category": "food"
  },
  {
    "id": "toriginu-honten-chugoku-476be203",
    "name": "Toriginu Honten",
    "city": "Okayama",
    "category": "food"
  },
  {
    "id": "kabe-chugoku-e17532c6",
    "name": "Kabe",
    "city": "Okayama",
    "category": "food"
  },
  {
    "id": "ichiba-fuku-chugoku-6be6df4f",
    "name": "Ichiba Fuku",
    "city": "Okayama",
    "category": "food"
  },
  {
    "id": "menya-gakucho-chugoku-0c791949",
    "name": "Menya Gakucho",
    "city": "Okayama",
    "category": "food"
  },
  {
    "id": "date-soba-chugoku-4b41eb6a",
    "name": "Date Soba",
    "city": "Okayama",
    "category": "food"
  },
  {
    "id": "kidoairaku-chugoku-46b4058c",
    "name": "Kidoairaku",
    "city": "Okayama",
    "category": "food"
  },
  {
    "id": "sakaezushi-chugoku-0f6418bd",
    "name": "Sakaezushi",
    "city": "Okayama",
    "category": "food"
  },
  {
    "id": "doppo-kan-chugoku-ce62b701",
    "name": "Doppo-kan",
    "city": "Okayama",
    "category": "food"
  },
  {
    "id": "koeido-honten-chugoku-ebcc2fd9",
    "name": "Koeido Honten",
    "city": "Okayama",
    "category": "food"
  },
  {
    "id": "oyo-udon-chugoku-45ccb4b7",
    "name": "Oyo Udon",
    "city": "Okayama",
    "category": "food"
  },
  {
    "id": "kitchen-hoiso-chugoku-f88fed06",
    "name": "Kitchen Hoiso",
    "city": "Okayama",
    "category": "food"
  },
  {
    "id": "suwaki-korakuchuka-chugoku-913fd4e1",
    "name": "Suwaki Korakuchuka",
    "city": "Okayama",
    "category": "food"
  },
  {
    "id": "okayama-coffee-kan-chugoku-225ac464",
    "name": "Okayama Coffee Kan",
    "city": "Okayama",
    "category": "food"
  },
  {
    "id": "parlor-kudamono-komachi-chugoku-d9aeeee4",
    "name": "Parlor Kudamono Komachi",
    "city": "Okayama",
    "category": "food"
  },
  {
    "id": "little-okayama-chugoku-2a4f95c6",
    "name": "Little Okayama",
    "city": "Okayama",
    "category": "food"
  },
  {
    "id": "grill-bizen-chugoku-5746e8a6",
    "name": "Grill Bizen",
    "city": "Okayama",
    "category": "food"
  },
  {
    "id": "yamamotoshoten-chugoku-fcc0f1fe",
    "name": "Yamamotoshoten",
    "city": "Okayama",
    "category": "food"
  },
  {
    "id": "chuka-soba-fujiya-chugoku-7f396105",
    "name": "Chuka Soba Fujiya",
    "city": "Okayama",
    "category": "food"
  },
  {
    "id": "ramen-honten-chugoku-ad5db486",
    "name": "Ramen Honten",
    "city": "Okayama",
    "category": "food"
  },
  {
    "id": "tsurutontan-soemoncho-kansai-fe1a2417",
    "name": "Tsurutontan Soemoncho",
    "city": "Osaka",
    "category": "food"
  },
  {
    "id": "ajinoya-honten-kansai-5070c985",
    "name": "Ajinoya Honten",
    "city": "Osaka",
    "category": "food"
  },
  {
    "id": "chibo-dotonbori-kansai-960cafae",
    "name": "Chibo Dotonbori",
    "city": "Osaka",
    "category": "food"
  },
  {
    "id": "551-horai-honten-kansai-61690631",
    "name": "551 Horai Honten",
    "city": "Osaka",
    "category": "food"
  },
  {
    "id": "rikuro-ojisan-namba-kansai-a372ec18",
    "name": "Rikuro Ojisan Namba",
    "city": "Osaka",
    "category": "food"
  },
  {
    "id": "izakaya-toyo-kansai-e67cf7ce",
    "name": "Izakaya Toyo",
    "city": "Osaka",
    "category": "food"
  },
  {
    "id": "osaka-ohsho-dotonbori-kansai-52a57651",
    "name": "Osaka Ohsho Dotonbori",
    "city": "Osaka",
    "category": "food"
  },
  {
    "id": "hajime-kansai-0dde23e4",
    "name": "Hajime",
    "city": "Osaka",
    "category": "food"
  },
  {
    "id": "fujiya-1935-kansai-5987789d",
    "name": "Fujiya 1935",
    "city": "Osaka",
    "category": "food"
  },
  {
    "id": "yukari-sonezaki-kansai-d68ca90b",
    "name": "Yukari Sonezaki",
    "city": "Osaka",
    "category": "food"
  },
  {
    "id": "maguroya-kurogin-kansai-018abe57",
    "name": "Maguroya Kurogin",
    "city": "Osaka",
    "category": "food"
  },
  {
    "id": "lilo-coffee-roasters-kansai-91f3baed",
    "name": "Lilo Coffee Roasters",
    "city": "Osaka",
    "category": "food"
  },
  {
    "id": "wad-omotenashi-cafe-kansai-981d5758",
    "name": "Wad Omotenashi Cafe",
    "city": "Osaka",
    "category": "food"
  },
  {
    "id": "usamitei-matsubaya-kansai-c18fc4bb",
    "name": "Usamitei Matsubaya",
    "city": "Osaka",
    "category": "food"
  },
  {
    "id": "kamenozushi-main-store-kansai-636540d0",
    "name": "Kamenozushi Main Store",
    "city": "Osaka",
    "category": "food"
  },
  {
    "id": "daiki-suisan-dotonbori-kansai-763bc676",
    "name": "Daiki Suisan Dotonbori",
    "city": "Osaka",
    "category": "food"
  },
  {
    "id": "genrokuzushi-dotonbori-kansai-46063ba8",
    "name": "Genrokuzushi Dotonbori",
    "city": "Osaka",
    "category": "food"
  },
  {
    "id": "harukoma-sushi-kansai-6f34c697",
    "name": "Harukoma Sushi",
    "city": "Osaka",
    "category": "food"
  },
  {
    "id": "kani-douraku-dotonbori-kansai-1c24256c",
    "name": "Kani Douraku Dotonbori",
    "city": "Osaka",
    "category": "food"
  },
  {
    "id": "kuromon-ichiba-market-kansai-2e479f79",
    "name": "Kuromon Ichiba Market",
    "city": "Osaka",
    "category": "food"
  },
  {
    "id": "okonomiyaki-kiji-umeda-sky-building-kansai-7db7bede",
    "name": "Okonomiyaki Kiji Umeda Sky Building",
    "city": "Osaka",
    "category": "food"
  },
  {
    "id": "endo-sushi-central-market-kansai-199afbfb",
    "name": "Endo Sushi Central Market",
    "city": "Osaka",
    "category": "food"
  },
  {
    "id": "zundo-ya-shinsaibashi-kansai-75544656",
    "name": "Zundo-ya Shinsaibashi",
    "city": "Osaka",
    "category": "food"
  },
  {
    "id": "mizuno-kansai-b962b2b7",
    "name": "Mizuno",
    "city": "Osaka",
    "category": "food"
  },
  {
    "id": "hanamaruken-ramen-kansai-44737cb0",
    "name": "Hanamaruken Ramen",
    "city": "Osaka",
    "category": "food"
  },
  {
    "id": "ramen-yashichi-kansai-6f8d1853",
    "name": "Ramen Yashichi",
    "city": "Osaka",
    "category": "food"
  },
  {
    "id": "moeyo-mensuke-kansai-1b85c84b",
    "name": "Moeyo Mensuke",
    "city": "Osaka",
    "category": "food"
  },
  {
    "id": "jinrui-minna-menrui-kansai-670c1958",
    "name": "Jinrui Minna Menrui",
    "city": "Osaka",
    "category": "food"
  },
  {
    "id": "kamukura-ramen-dotonbori-kansai-3a5644c4",
    "name": "Kamukura Ramen Dotonbori",
    "city": "Osaka",
    "category": "food"
  },
  {
    "id": "kinryu-ramen-kansai-e0eaa498",
    "name": "Kinryu Ramen",
    "city": "Osaka",
    "category": "food"
  },
  {
    "id": "takoyaki-wanaka-sennichimae-kansai-b7ea1e23",
    "name": "Takoyaki Wanaka Sennichimae",
    "city": "Osaka",
    "category": "food"
  },
  {
    "id": "kushikatsu-shichifukujin-kansai-c7c1b7ba",
    "name": "Kushikatsu Shichifukujin",
    "city": "Osaka",
    "category": "food"
  },
  {
    "id": "tengu-kansai-8a37c83a",
    "name": "Tengu",
    "city": "Osaka",
    "category": "food"
  },
  {
    "id": "yaekatsu-kansai-ab1bda94",
    "name": "Yaekatsu",
    "city": "Osaka",
    "category": "food"
  },
  {
    "id": "kushikatsu-daruma-shinsekai-kansai-a4e5629e",
    "name": "Kushikatsu Daruma Shinsekai",
    "city": "Osaka",
    "category": "food"
  },
  {
    "id": "takoyaki-juhachiban-kansai-11d4b9b2",
    "name": "Takoyaki Juhachiban",
    "city": "Osaka",
    "category": "food"
  },
  {
    "id": "aizuya-namba-kansai-d3b6e515",
    "name": "Aizuya Namba",
    "city": "Osaka",
    "category": "food"
  },
  {
    "id": "abeno-takoyaki-yamachan-kansai-fa6c08e0",
    "name": "Abeno Takoyaki Yamachan",
    "city": "Osaka",
    "category": "food"
  },
  {
    "id": "hanadako-kansai-7406afb6",
    "name": "Hanadako",
    "city": "Osaka",
    "category": "food"
  },
  {
    "id": "kogaryu-takoyaki-kansai-35ad0072",
    "name": "Kogaryu Takoyaki",
    "city": "Osaka",
    "category": "food"
  },
  {
    "id": "takoyaki-kukuru-dotonbori-kansai-5546a056",
    "name": "Takoyaki Kukuru Dotonbori",
    "city": "Osaka",
    "category": "food"
  },
  {
    "id": "matsusakagyu-yakiniku-m-hozenji-yokocho-kansai-ff60f06c",
    "name": "Matsusakagyu Yakiniku M Hozenji Yokocho",
    "city": "Osaka",
    "category": "food"
  },
  {
    "id": "yakiniku-sora-tsuruhashi-kansai-ec5d82f3",
    "name": "Yakiniku Sora Tsuruhashi",
    "city": "Osaka",
    "category": "food"
  },
  {
    "id": "kitamura-kansai-d38031ab",
    "name": "Kitamura",
    "city": "Osaka",
    "category": "food"
  },
  {
    "id": "hariju-dotonbori-kansai-e85a5517",
    "name": "Hariju Dotonbori",
    "city": "Osaka",
    "category": "food"
  },
  {
    "id": "hokkyokusei-shinsaibashi-kansai-fa472036",
    "name": "Hokkyokusei Shinsaibashi",
    "city": "Osaka",
    "category": "food"
  },
  {
    "id": "fukutaro-honten-kansai-82bdffa7",
    "name": "Fukutaro Honten",
    "city": "Osaka",
    "category": "food"
  },
  {
    "id": "jiyuken-namba-kansai-f2802f01",
    "name": "Jiyuken Namba",
    "city": "Osaka",
    "category": "food"
  },
  {
    "id": "dotonbori-imai-kansai-9e52fe32",
    "name": "Dotonbori Imai",
    "city": "Osaka",
    "category": "food"
  },
  {
    "id": "letao-pathos-hokkaido-1840e5a0",
    "name": "LeTAO Pathos",
    "city": "Otaru",
    "category": "food"
  },
  {
    "id": "yoshi-hokkaido-8ed49ca7",
    "name": "Yoshi",
    "city": "Otaru",
    "category": "food"
  },
  {
    "id": "torori-an-hokkaido-4fc39c09",
    "name": "Torori An",
    "city": "Otaru",
    "category": "food"
  },
  {
    "id": "otaru-vine-hokkaido-9e69fb82",
    "name": "Otaru Vine",
    "city": "Otaru",
    "category": "food"
  },
  {
    "id": "otaru-ankake-yakisoba-kakuryu-hokkaido-7611603a",
    "name": "Otaru Ankake Yakisoba Kakuryu",
    "city": "Otaru",
    "category": "food"
  },
  {
    "id": "sushiya-kodai-hokkaido-80ca370a",
    "name": "Sushiya Kodai",
    "city": "Otaru",
    "category": "food"
  },
  {
    "id": "otaru-poseidon-main-shop-hokkaido-255772e9",
    "name": "Otaru Poseidon Main Shop",
    "city": "Otaru",
    "category": "food"
  },
  {
    "id": "ramen-tokaiya-hokkaido-31d192b6",
    "name": "Ramen Tokaiya",
    "city": "Otaru",
    "category": "food"
  },
  {
    "id": "amato-otaru-honten-hokkaido-28ef2db3",
    "name": "Amato Otaru Honten",
    "city": "Otaru",
    "category": "food"
  },
  {
    "id": "otaru-beer-otaru-warehouse-no-1-hokkaido-c07e3e16",
    "name": "Otaru Beer Otaru Warehouse No.1",
    "city": "Otaru",
    "category": "food"
  },
  {
    "id": "nouvelle-vague-letao-chocolatier-hokkaido-e9d3dfa6",
    "name": "Nouvelle Vague LeTAO Chocolatier",
    "city": "Otaru",
    "category": "food"
  },
  {
    "id": "osteria-il-piatto-nuovo-hokkaido-4e5ac109",
    "name": "Osteria il Piatto Nuovo",
    "city": "Otaru",
    "category": "food"
  },
  {
    "id": "otaru-orizushi-hokkaido-199cf7ea",
    "name": "Otaru Orizushi",
    "city": "Otaru",
    "category": "food"
  },
  {
    "id": "nishizuka-hokkaido-3e7e0387",
    "name": "Nishizuka",
    "city": "Otaru",
    "category": "food"
  },
  {
    "id": "very-very-strawberry-hokkaido-e3c3d1fd",
    "name": "Very Very Strawberry",
    "city": "Otaru",
    "category": "food"
  },
  {
    "id": "otaru-kita-tougarashi-hokkaido-f54e6ed6",
    "name": "Otaru Kita Tougarashi",
    "city": "Otaru",
    "category": "food"
  },
  {
    "id": "kamaei-factory-direct-store-hokkaido-fc675ab0",
    "name": "Kamaei Factory Direct Store",
    "city": "Otaru",
    "category": "food"
  },
  {
    "id": "kitaichi-hall-hokkaido-08d1e6b4",
    "name": "Kitaichi Hall",
    "city": "Otaru",
    "category": "food"
  },
  {
    "id": "rokkatei-otaru-canal-store-hokkaido-54c7c745",
    "name": "Rokkatei Otaru Canal Store",
    "city": "Otaru",
    "category": "food"
  },
  {
    "id": "unga-plaza-hokkaido-e709ec4f",
    "name": "Unga Plaza",
    "city": "Otaru",
    "category": "food"
  },
  {
    "id": "uomasa-hokkaido-2685c343",
    "name": "Uomasa",
    "city": "Otaru",
    "category": "food"
  },
  {
    "id": "ryuhou-hokkaido-a3f09c21",
    "name": "Ryuhou",
    "city": "Otaru",
    "category": "food"
  },
  {
    "id": "ramen-mahoro-hokkaido-cc9c7b21",
    "name": "Ramen Mahoro",
    "city": "Otaru",
    "category": "food"
  },
  {
    "id": "ajidokoro-takeda-hokkaido-4a804d0d",
    "name": "Ajidokoro Takeda",
    "city": "Otaru",
    "category": "food"
  },
  {
    "id": "rakuten-hokkaido-788fb74e",
    "name": "Rakuten",
    "city": "Otaru",
    "category": "food"
  },
  {
    "id": "minshuku-aotsuka-shokudo-hokkaido-912e70f1",
    "name": "Minshuku Aotsuka Shokudo",
    "city": "Otaru",
    "category": "food"
  },
  {
    "id": "yamanaka-dairy-farm-otaru-hokkaido-0bc18726",
    "name": "Yamanaka Dairy Farm Otaru",
    "city": "Otaru",
    "category": "food"
  },
  {
    "id": "chinese-restaurant-keien-hokkaido-d7ca4fd4",
    "name": "Chinese Restaurant Keien",
    "city": "Otaru",
    "category": "food"
  },
  {
    "id": "waraku-kaiten-sushi-otaru-hokkaido-50bc4a74",
    "name": "Waraku Kaiten Sushi Otaru",
    "city": "Otaru",
    "category": "food"
  },
  {
    "id": "kukizen-hokkaido-de5492f6",
    "name": "Kukizen",
    "city": "Otaru",
    "category": "food"
  },
  {
    "id": "naruto-main-shop-hokkaido-64af42ec",
    "name": "Naruto Main Shop",
    "city": "Otaru",
    "category": "food"
  },
  {
    "id": "sushiden-hokkaido-8303a959",
    "name": "Sushiden",
    "city": "Otaru",
    "category": "food"
  },
  {
    "id": "kita-no-donburiya-takinami-shokudo-hokkaido-2f92009f",
    "name": "Kita no Donburiya Takinami Shokudo",
    "city": "Otaru",
    "category": "food"
  },
  {
    "id": "gin-no-kane-no-1-hokkaido-689d92e5",
    "name": "Gin no Kane No. 1",
    "city": "Otaru",
    "category": "food"
  },
  {
    "id": "kitakaro-otaru-honkan-hokkaido-4cf5c4fb",
    "name": "Kitakaro Otaru Honkan",
    "city": "Otaru",
    "category": "food"
  },
  {
    "id": "isezushi-hokkaido-c85423a8",
    "name": "Isezushi",
    "city": "Otaru",
    "category": "food"
  },
  {
    "id": "press-cafe-hokkaido-bb35cf7c",
    "name": "Press Cafe",
    "city": "Otaru",
    "category": "food"
  },
  {
    "id": "otaru-takeno-sushi-hokkaido-434b9e96",
    "name": "Otaru Takeno Sushi",
    "city": "Otaru",
    "category": "food"
  },
  {
    "id": "otaru-new-sanko-main-store-hokkaido-0e679153",
    "name": "Otaru New Sanko Main Store",
    "city": "Otaru",
    "category": "food"
  },
  {
    "id": "ramen-shodai-hokkaido-ae370c9a",
    "name": "Ramen Shodai",
    "city": "Otaru",
    "category": "food"
  },
  {
    "id": "otaru-masazushi-main-branch-hokkaido-d62f6c53",
    "name": "Otaru Masazushi Main Branch",
    "city": "Otaru",
    "category": "food"
  },
  {
    "id": "yabuhan-soba-hokkaido-465447c0",
    "name": "Yabuhan Soba",
    "city": "Otaru",
    "category": "food"
  },
  {
    "id": "sawasaki-suisan-hokkaido-00e11bb2",
    "name": "Sawasaki Suisan",
    "city": "Otaru",
    "category": "food"
  },
  {
    "id": "senjutei-kansai-35e81147",
    "name": "Senjutei",
    "city": "Sakurai",
    "category": "food"
  },
  {
    "id": "sapporo-beer-garden-lilac-hokkaido-ba7ab14c",
    "name": "Sapporo Beer Garden Lilac",
    "city": "Sapporo",
    "category": "food"
  },
  {
    "id": "hirihiri-2-go-hokkaido-d7bf5ea6",
    "name": "Hirihiri 2 Go",
    "city": "Sapporo",
    "category": "food"
  },
  {
    "id": "hokkaido-kani-shogun-hokkaido-46ba022b",
    "name": "Hokkaido Kani Shogun",
    "city": "Sapporo",
    "category": "food"
  },
  {
    "id": "sandria-hokkaido-a10bd8de",
    "name": "Sandria",
    "city": "Sapporo",
    "category": "food"
  },
  {
    "id": "tempura-araki-hokkaido-725d12f4",
    "name": "Tempura Araki",
    "city": "Sapporo",
    "category": "food"
  },
  {
    "id": "ebisoba-ichigen-hokkaido-8b949d73",
    "name": "Ebisoba Ichigen",
    "city": "Sapporo",
    "category": "food"
  },
  {
    "id": "soup-curry-yellow-hokkaido-3280f2fd",
    "name": "Soup Curry Yellow",
    "city": "Sapporo",
    "category": "food"
  },
  {
    "id": "minato-machi-no-monkichi-hokkaido-64b62f82",
    "name": "Minato Machi no Monkichi",
    "city": "Sapporo",
    "category": "food"
  },
  {
    "id": "nemuro-hanamaru-jr-tower-hokkaido-2f5b58c5",
    "name": "Nemuro Hanamaru JR Tower",
    "city": "Sapporo",
    "category": "food"
  },
  {
    "id": "175-deno-tantanmen-hokkaido-a8ff525b",
    "name": "175 DENO Tantanmen",
    "city": "Sapporo",
    "category": "food"
  },
  {
    "id": "parfaiteria-pal-hokkaido-b33b077f",
    "name": "Parfaiteria PaL",
    "city": "Sapporo",
    "category": "food"
  },
  {
    "id": "parfaiteria-mil-hokkaido-ba5bb9a6",
    "name": "Parfaiteria MiL",
    "city": "Sapporo",
    "category": "food"
  },
  {
    "id": "kinotoya-bake-hokkaido-e8d40a83",
    "name": "Kinotoya Bake",
    "city": "Sapporo",
    "category": "food"
  },
  {
    "id": "teshikaga-ramen-hokkaido-61f37e06",
    "name": "Teshikaga Ramen",
    "city": "Sapporo",
    "category": "food"
  },
  {
    "id": "sushidokoro-fushimi-hokkaido-07016ee0",
    "name": "Sushidokoro Fushimi",
    "city": "Sapporo",
    "category": "food"
  },
  {
    "id": "robata-cusco-hokkaido-211ee70e",
    "name": "Robata Cusco",
    "city": "Sapporo",
    "category": "food"
  },
  {
    "id": "suage-hokkaido-5eb03aac",
    "name": "Suage+",
    "city": "Sapporo",
    "category": "food"
  },
  {
    "id": "sapporo-beer-garden-hokkaido-63540d78",
    "name": "Sapporo Beer Garden",
    "city": "Sapporo",
    "category": "food"
  },
  {
    "id": "menya-saimi-hokkaido-949f9abb",
    "name": "Menya Saimi",
    "city": "Sapporo",
    "category": "food"
  },
  {
    "id": "soup-curry-garaku-hokkaido-8c115993",
    "name": "Soup Curry Garaku",
    "city": "Sapporo",
    "category": "food"
  },
  {
    "id": "kaitenzushi-toriton-hokkaido-6579c4fb",
    "name": "Kaitenzushi Toriton",
    "city": "Sapporo",
    "category": "food"
  },
  {
    "id": "nijo-market-ohiso-hokkaido-79cfebbc",
    "name": "Nijo Market Ohiso",
    "city": "Sapporo",
    "category": "food"
  },
  {
    "id": "sumire-sapporo-honten-hokkaido-b89ea7ad",
    "name": "Sumire Sapporo Honten",
    "city": "Sapporo",
    "category": "food"
  },
  {
    "id": "umi-hachikyo-hokkaido-6dfb8e7e",
    "name": "Umi Hachikyo",
    "city": "Sapporo",
    "category": "food"
  },
  {
    "id": "picante-hokkaido-394ef997",
    "name": "Picante",
    "city": "Sapporo",
    "category": "food"
  },
  {
    "id": "keyaki-susukino-hokkaido-407024ed",
    "name": "Keyaki Susukino",
    "city": "Sapporo",
    "category": "food"
  },
  {
    "id": "rokkatei-sapporo-honten-hokkaido-0ae7f6f5",
    "name": "Rokkatei Sapporo Honten",
    "city": "Sapporo",
    "category": "food"
  },
  {
    "id": "aji-no-sanpei-hokkaido-ef9a3290",
    "name": "Aji no Sanpei",
    "city": "Sapporo",
    "category": "food"
  },
  {
    "id": "sushi-miyakawa-hokkaido-830ffcea",
    "name": "Sushi Miyakawa",
    "city": "Sapporo",
    "category": "food"
  },
  {
    "id": "okushiba-shoten-ekimae-hokkaido-e9b7af90",
    "name": "Okushiba Shoten Ekimae",
    "city": "Sapporo",
    "category": "food"
  },
  {
    "id": "ramen-sapporo-ichiryuan-hokkaido-d814ef57",
    "name": "Ramen Sapporo Ichiryuan",
    "city": "Sapporo",
    "category": "food"
  },
  {
    "id": "kitanogurume-hokkaido-2f55f426",
    "name": "Kitanogurume",
    "city": "Sapporo",
    "category": "food"
  },
  {
    "id": "menya-yukikaze-hokkaido-b6f3c744",
    "name": "Menya Yukikaze",
    "city": "Sapporo",
    "category": "food"
  },
  {
    "id": "matsuo-jingisukan-hokkaido-0787a63b",
    "name": "Matsuo Jingisukan",
    "city": "Sapporo",
    "category": "food"
  },
  {
    "id": "yozora-no-jingisukan-hokkaido-5d922c2b",
    "name": "Yozora no Jingisukan",
    "city": "Sapporo",
    "category": "food"
  },
  {
    "id": "moliere-hokkaido-15d23d53",
    "name": "Moliere",
    "city": "Sapporo",
    "category": "food"
  },
  {
    "id": "hanakoji-sawada-hokkaido-dd356bc8",
    "name": "Hanakoji Sawada",
    "city": "Sapporo",
    "category": "food"
  },
  {
    "id": "curry-savoy-hokkaido-42a21034",
    "name": "Curry SAVoY",
    "city": "Sapporo",
    "category": "food"
  },
  {
    "id": "ramen-toguchi-hokkaido-f649cebe",
    "name": "Ramen Toguchi",
    "city": "Sapporo",
    "category": "food"
  },
  {
    "id": "sushi-tanabe-hokkaido-ff88e1ec",
    "name": "Sushi Tanabe",
    "city": "Sapporo",
    "category": "food"
  },
  {
    "id": "itadakimasu-hokkaido-6252a90d",
    "name": "Itadakimasu",
    "city": "Sapporo",
    "category": "food"
  },
  {
    "id": "donburi-chaya-hokkaido-20e7dccb",
    "name": "Donburi Chaya",
    "city": "Sapporo",
    "category": "food"
  },
  {
    "id": "ishiya-cafe-hokkaido-aa10e6ab",
    "name": "Ishiya Cafe",
    "city": "Sapporo",
    "category": "food"
  },
  {
    "id": "ramen-sora-hokkaido-f4c549e4",
    "name": "Ramen Sora",
    "city": "Sapporo",
    "category": "food"
  },
  {
    "id": "soup-curry-samurai-hokkaido-df924eab",
    "name": "Soup Curry Samurai",
    "city": "Sapporo",
    "category": "food"
  },
  {
    "id": "jingisukan-daruma-4-4-hokkaido-192cf450",
    "name": "Jingisukan Daruma 4.4",
    "city": "Sapporo",
    "category": "food"
  },
  {
    "id": "ganso-ramen-yokocho-hokkaido-c4668dfd",
    "name": "Ganso Ramen Yokocho",
    "city": "Sapporo",
    "category": "food"
  },
  {
    "id": "baristart-coffee-hokkaido-e6219da7",
    "name": "Baristart Coffee",
    "city": "Sapporo",
    "category": "food"
  },
  {
    "id": "yoshiyama-shouten-hokkaido-e352ba7c",
    "name": "Yoshiyama Shouten",
    "city": "Sapporo",
    "category": "food"
  },
  {
    "id": "hana-maru-standing-sushi-hokkaido-60f8c860",
    "name": "Hana Maru (Standing Sushi)",
    "city": "Sapporo",
    "category": "food"
  },
  {
    "id": "elm-garden-hokkaido-36ac8c5d",
    "name": "Elm Garden",
    "city": "Sapporo",
    "category": "food"
  },
  {
    "id": "saryo-takiya-hokkaido-e53e73ca",
    "name": "Saryo Takiya",
    "city": "Sapporo",
    "category": "food"
  },
  {
    "id": "ramen-sen-no-kaze-hokkaido-d22c4f3e",
    "name": "Ramen Sen no Kaze",
    "city": "Sapporo",
    "category": "food"
  },
  {
    "id": "treasure-hokkaido-2926845d",
    "name": "Treasure",
    "city": "Sapporo",
    "category": "food"
  },
  {
    "id": "ajiyoshi-tohoku-d38dea71",
    "name": "Ajiyoshi",
    "city": "Sendai",
    "category": "food"
  }
]
