[
  {
    "id": "imakin-shokudo-kyushu-eb82aeb1",
    "name": "Imakin Shokudo",
    "city": "Aso",
    "category": "food"
  },
  {
    "id": "aso-milk-factory-kyushu-a283da18",
    "name": "Aso Milk Factory",
    "city": "Aso",
    "category": "food"
  },
  {
    "id": "kusasenri-coffee-roastery-kyushu-0ba652c7",
    "name": "Kusasenri Coffee Roastery",
    "city": "Aso",
    "category": "food"
  },
  {
    "id": "tama-chan-chugoku-77600069",
    "name": "Tama-chan",
    "city": "Bizen",
    "category": "food"
  },
  {
    "id": "kasanoya-kyushu-22152901",
    "name": "Kasanoya",
    "city": "Dazaifu",
    "category": "food"
  },
  {
    "id": "hakata-ikkousha-kyushu-fe3d3f64",
    "name": "Hakata Ikkousha",
    "city": "Fukuoka",
    "category": "food"
  },
  {
    "id": "karonouron-kyushu-81148a35",
    "name": "Karonouron",
    "city": "Fukuoka",
    "category": "food"
  },
  {
    "id": "hakata-issou-kyushu-31a3f319",
    "name": "Hakata Issou",
    "city": "Fukuoka",
    "category": "food"
  },
  {
    "id": "yorozu-kyushu-1f123dfb",
    "name": "Yorozu",
    "city": "Fukuoka",
    "category": "food"
  },
  {
    "id": "yakitori-hachibei-kyushu-203ccbaa",
    "name": "Yakitori Hachibei",
    "city": "Fukuoka",
    "category": "food"
  },
  {
    "id": "yakitori-kawaya-kyushu-5bbb0fcc",
    "name": "Yakitori Kawaya",
    "city": "Fukuoka",
    "category": "food"
  },
  {
    "id": "robata-san-kyushu-3c1fc59d",
    "name": "Robata San",
    "city": "Fukuoka",
    "category": "food"
  },
  {
    "id": "seimonbarai-kyushu-7f9eaf3c",
    "name": "Seimonbarai",
    "city": "Fukuoka",
    "category": "food"
  },
  {
    "id": "bills-fukuoka-kyushu-c784bd77",
    "name": "Bills Fukuoka",
    "city": "Fukuoka",
    "category": "food"
  },
  {
    "id": "daimyo-softcream-kyushu-c785db51",
    "name": "Daimyo Softcream",
    "city": "Fukuoka",
    "category": "food"
  },
  {
    "id": "fuk-coffee-kyushu-48248aae",
    "name": "FUK Coffee",
    "city": "Fukuoka",
    "category": "food"
  },
  {
    "id": "cafe-bimi-kyushu-0b2ca414",
    "name": "Cafe Bimi",
    "city": "Fukuoka",
    "category": "food"
  },
  {
    "id": "yatai-chez-r-my-kyushu-f093900d",
    "name": "Yatai Chez Rémy",
    "city": "Fukuoka",
    "category": "food"
  },
  {
    "id": "yatai-kokinchan-kyushu-b560bb3f",
    "name": "Yatai Kokinchan",
    "city": "Fukuoka",
    "category": "food"
  },
  {
    "id": "tetsunabe-nakasu-kyushu-4985737e",
    "name": "Tetsunabe Nakasu",
    "city": "Fukuoka",
    "category": "food"
  },
  {
    "id": "daichi-no-udon-kyushu-66ec1efa",
    "name": "Daichi no Udon",
    "city": "Fukuoka",
    "category": "food"
  },
  {
    "id": "maki-no-udon-kyushu-cc1f529e",
    "name": "Maki no Udon",
    "city": "Fukuoka",
    "category": "food"
  },
  {
    "id": "tatsumi-sushi-kyushu-ee1781a1",
    "name": "Tatsumi Sushi",
    "city": "Fukuoka",
    "category": "food"
  },
  {
    "id": "hyotan-sushi-kyushu-ff33a5ab",
    "name": "Hyotan Sushi",
    "city": "Fukuoka",
    "category": "food"
  },
  {
    "id": "sushi-sakai-kyushu-ae7313d0",
    "name": "Sushi Sakai",
    "city": "Fukuoka",
    "category": "food"
  },
  {
    "id": "ganso-hakata-mentaiju-kyushu-0b41f068",
    "name": "Ganso Hakata Mentaiju",
    "city": "Fukuoka",
    "category": "food"
  },
  {
    "id": "chikae-fukuoka-kyushu-0c68f708",
    "name": "Chikae Fukuoka",
    "city": "Fukuoka",
    "category": "food"
  },
  {
    "id": "hakata-hanamidori-kyushu-d60d372d",
    "name": "Hakata Hanamidori",
    "city": "Fukuoka",
    "category": "food"
  },
  {
    "id": "mizutaki-nagano-kyushu-53c23e28",
    "name": "Mizutaki Nagano",
    "city": "Fukuoka",
    "category": "food"
  },
  {
    "id": "hakata-mizutaki-toriden-kyushu-32e26805",
    "name": "Hakata Mizutaki Toriden",
    "city": "Fukuoka",
    "category": "food"
  },
  {
    "id": "motsunabe-rakutenchi-kyushu-0b8977e1",
    "name": "Motsunabe Rakutenchi",
    "city": "Fukuoka",
    "category": "food"
  },
  {
    "id": "ganso-nagahamaya-kyushu-5a5c1036",
    "name": "Ganso Nagahamaya",
    "city": "Fukuoka",
    "category": "food"
  },
  {
    "id": "udon-taira-kyushu-99fe17ac",
    "name": "Udon Taira",
    "city": "Fukuoka",
    "category": "food"
  },
  {
    "id": "tempura-hirao-kyushu-bd6d3d47",
    "name": "Tempura Hirao",
    "city": "Fukuoka",
    "category": "food"
  },
  {
    "id": "rec-coffee-yakuin-kyushu-7c7882bb",
    "name": "Rec Coffee Yakuin",
    "city": "Fukuoka",
    "category": "food"
  },
  {
    "id": "hakata-motsunabe-oyama-kyushu-7e812ebf",
    "name": "Hakata Motsunabe Oyama",
    "city": "Fukuoka",
    "category": "food"
  },
  {
    "id": "hakata-daruma-kyushu-fba9a548",
    "name": "Hakata Daruma",
    "city": "Fukuoka",
    "category": "food"
  },
  {
    "id": "hakata-genki-ippai-kyushu-e0e6d782",
    "name": "Hakata Genki Ippai",
    "city": "Fukuoka",
    "category": "food"
  },
  {
    "id": "yanagibashi-rengo-market-kyushu-21b63c57",
    "name": "Yanagibashi Rengo Market",
    "city": "Fukuoka",
    "category": "food"
  },
  {
    "id": "bar-vita-kyushu-fc326ec3",
    "name": "Bar Vita",
    "city": "Fukuoka",
    "category": "food"
  },
  {
    "id": "kappo-yoshida-kyushu-f2afd7a1",
    "name": "Kappo Yoshida",
    "city": "Fukuoka",
    "category": "food"
  },
  {
    "id": "mengekijo-genei-kyushu-b0f8b8cd",
    "name": "Mengekijo Genei",
    "city": "Fukuoka",
    "category": "food"
  },
  {
    "id": "hajime-kyushu-4ee4749c",
    "name": "Hajime",
    "city": "Fukuoka",
    "category": "food"
  },
  {
    "id": "warayaki-mikan-kyushu-a9331998",
    "name": "Warayaki Mikan",
    "city": "Fukuoka",
    "category": "food"
  },
  {
    "id": "ivorish-fukuoka-kyushu-5f2ab8b6",
    "name": "Ivorish Fukuoka",
    "city": "Fukuoka",
    "category": "food"
  },
  {
    "id": "motsunabe-yamanaka-akasaka-kyushu-ca4ac1ca",
    "name": "Motsunabe Yamanaka Akasaka",
    "city": "Fukuoka",
    "category": "food"
  },
  {
    "id": "ichiran-main-office-sohonten-kyushu-57bc1b78",
    "name": "Ichiran Main Office (Sohonten)",
    "city": "Fukuoka",
    "category": "food"
  },
  {
    "id": "yoshizuka-unagiya-kyushu-e9f9f31b",
    "name": "Yoshizuka Unagiya",
    "city": "Fukuoka",
    "category": "food"
  },
  {
    "id": "shin-shin-tenjin-main-store-kyushu-df56208f",
    "name": "Shin-Shin Tenjin Main Store",
    "city": "Fukuoka",
    "category": "food"
  },
  {
    "id": "kakiya-chugoku-cfc6b40b",
    "name": "Kakiya",
    "city": "Hatsukaichi",
    "category": "food"
  },
  {
    "id": "momijido-honten-chugoku-c26929da",
    "name": "Momijido Honten",
    "city": "Hatsukaichi",
    "category": "food"
  },
  {
    "id": "miyajima-coffee-chugoku-00f5c98e",
    "name": "Miyajima Coffee",
    "city": "Hatsukaichi",
    "category": "food"
  },
  {
    "id": "miyajima-omotesando-shopping-street-chugoku-29c581b1",
    "name": "Miyajima Omotesando Shopping Street",
    "city": "Hatsukaichi",
    "category": "food"
  },
  {
    "id": "fujitaya-chugoku-687cb6f9",
    "name": "Fujitaya",
    "city": "Hatsukaichi",
    "category": "food"
  },
  {
    "id": "sarasvati-chugoku-b8bc848e",
    "name": "Sarasvati",
    "city": "Hatsukaichi",
    "category": "food"
  },
  {
    "id": "yakigaki-no-hayashi-chugoku-f00f8273",
    "name": "Yakigaki no Hayashi",
    "city": "Hatsukaichi",
    "category": "food"
  },
  {
    "id": "anagomeshi-ueno-chugoku-c2eabf19",
    "name": "Anagomeshi Ueno",
    "city": "Hatsukaichi",
    "category": "food"
  },
  {
    "id": "mametanuki-chugoku-aaab8a07",
    "name": "Mametanuki",
    "city": "Hatsukaichi",
    "category": "food"
  },
  {
    "id": "hassho-chugoku-09f4704d",
    "name": "Hassho",
    "city": "Hiroshima",
    "category": "food"
  },
  {
    "id": "henkutsuya-chugoku-79f1413c",
    "name": "Henkutsuya",
    "city": "Hiroshima",
    "category": "food"
  },
  {
    "id": "kakifune-kanawa-chugoku-d71410b8",
    "name": "Kakifune Kanawa",
    "city": "Hiroshima",
    "category": "food"
  },
  {
    "id": "make-your-own-momiji-manju-chugoku-be8a9581",
    "name": "Momiji Sandwich & Lemonade",
    "city": "Hiroshima",
    "category": "restaurant"
  },
  {
    "id": "ekie-dining-chugoku-fd2db671",
    "name": "Ekie Dining",
    "city": "Hiroshima",
    "category": "food"
  },
  {
    "id": "tosho-chugoku-d241e980",
    "name": "Tosho",
    "city": "Hiroshima",
    "category": "food"
  },
  {
    "id": "reimenya-chugoku-97a52bb5",
    "name": "Reimenya",
    "city": "Hiroshima",
    "category": "food"
  },
  {
    "id": "hanbe-garden-chugoku-20507302",
    "name": "Hanbe Garden",
    "city": "Hiroshima",
    "category": "food"
  },
  {
    "id": "okonomimura-chugoku-0a07d885",
    "name": "Okonomimura",
    "city": "Hiroshima",
    "category": "food"
  },
  {
    "id": "mitchan-sohonten-hatchobori-chugoku-2ba2a468",
    "name": "Mitchan Sohonten Hatchobori",
    "city": "Hiroshima",
    "category": "food"
  },
  {
    "id": "reichan-chugoku-1c736252",
    "name": "Reichan",
    "city": "Hiroshima",
    "category": "food"
  },
  {
    "id": "onomichi-ramen-akatsuki-chugoku-07acacca",
    "name": "Onomichi Ramen Akatsuki",
    "city": "Hiroshima",
    "category": "food"
  },
  {
    "id": "steak-house-aohige-chugoku-673b6e17",
    "name": "Steak House Aohige",
    "city": "Hiroshima",
    "category": "food"
  },
  {
    "id": "sushitei-hikarimachi-chugoku-2acd6630",
    "name": "Sushitei Hikarimachi",
    "city": "Hiroshima",
    "category": "food"
  },
  {
    "id": "chano-ma-hiroshima-chugoku-471b993a",
    "name": "Chano-ma Hiroshima",
    "city": "Hiroshima",
    "category": "food"
  },
  {
    "id": "melange-de-shuhari-chugoku-02dc14c2",
    "name": "Melange De Shuhari",
    "city": "Hiroshima",
    "category": "food"
  },
  {
    "id": "backen-mozart-chuodori-chugoku-37e532a3",
    "name": "Backen Mozart Chuodori",
    "city": "Hiroshima",
    "category": "food"
  },
  {
    "id": "tachimachi-canele-chugoku-12b6ed92",
    "name": "Tachimachi Canele",
    "city": "Hiroshima",
    "category": "food"
  },
  {
    "id": "musimpanen-chugoku-fc472024",
    "name": "Musimpanen",
    "city": "Hiroshima",
    "category": "food"
  },
  {
    "id": "andersen-hiroshima-chugoku-5e5734bb",
    "name": "Andersen Hiroshima",
    "city": "Hiroshima",
    "category": "food"
  },
  {
    "id": "hiroto-chugoku-3aae1b73",
    "name": "Hiroto",
    "city": "Hiroshima",
    "category": "food"
  },
  {
    "id": "seasonal-cuisine-nakashima-chugoku-d8ea2748",
    "name": "Seasonal Cuisine Nakashima",
    "city": "Hiroshima",
    "category": "food"
  },
  {
    "id": "suishin-honten-chugoku-c143d100",
    "name": "Suishin Honten",
    "city": "Hiroshima",
    "category": "food"
  },
  {
    "id": "aki-chan-chugoku-dc0ab068",
    "name": "Aki Chan",
    "city": "Hiroshima",
    "category": "food"
  },
  {
    "id": "tempura-masui-chugoku-150ac72d",
    "name": "Tempura Masui",
    "city": "Hiroshima",
    "category": "food"
  },
  {
    "id": "naka-chan-chugoku-ba30efff",
    "name": "Naka-chan",
    "city": "Hiroshima",
    "category": "food"
  },
  {
    "id": "tsubame-chugoku-16fafce6",
    "name": "Tsubame",
    "city": "Hiroshima",
    "category": "food"
  },
  {
    "id": "youki-eba-chugoku-9d63b490",
    "name": "Youki Eba",
    "city": "Hiroshima",
    "category": "food"
  },
  {
    "id": "king-ken-chugoku-94c7f217",
    "name": "King Ken",
    "city": "Hiroshima",
    "category": "food"
  },
  {
    "id": "kisaku-chugoku-b413a86b",
    "name": "Kisaku",
    "city": "Hiroshima",
    "category": "food"
  },
  {
    "id": "bakudanya-honten-chugoku-60d63d2b",
    "name": "Bakudanya Honten",
    "city": "Hiroshima",
    "category": "food"
  },
  {
    "id": "tsuki-akari-chugoku-ed2c8d55",
    "name": "Tsuki Akari",
    "city": "Hiroshima",
    "category": "food"
  },
  {
    "id": "okonomiyaki-nagataya-chugoku-3015457b",
    "name": "Okonomiyaki Nagataya",
    "city": "Hiroshima",
    "category": "food"
  },
  {
    "id": "hassei-chugoku-50515df4",
    "name": "Hassei",
    "city": "Hiroshima",
    "category": "food"
  },
  {
    "id": "lopez-okonomiyaki-chugoku-659d852e",
    "name": "Lopez Okonomiyaki",
    "city": "Hiroshima",
    "category": "food"
  },
  {
    "id": "denkosekka-ekie-chugoku-f0584fa9",
    "name": "Denkosekka Ekie",
    "city": "Hiroshima",
    "category": "food"
  },
  {
    "id": "tosenkyo-somen-nagashi-kyushu-73fad5d8",
    "name": "Tosenkyo Somen Nagashi",
    "city": "Ibusuki",
    "category": "food"
  },
  {
    "id": "yamaoka-pizza-kansai-f71c648c",
    "name": "Yamaoka Pizza",
    "city": "Ikoma",
    "category": "food"
  },
  {
    "id": "sole-mare-okinawa-e860031a",
    "name": "Sole Mare",
    "city": "Ishigaki",
    "category": "food"
  },
  {
    "id": "seven-colors-ishigakijima-okinawa-298de636",
    "name": "Seven Colors Ishigakijima",
    "city": "Ishigaki",
    "category": "food"
  },
  {
    "id": "soba-dokoro-masami-okinawa-f84a6d1e",
    "name": "Soba Dokoro Masami",
    "city": "Ishigaki",
    "category": "food"
  },
  {
    "id": "kunatsuyu-okinawa-83ad2a3b",
    "name": "Kunatsuyu",
    "city": "Ishigaki",
    "category": "food"
  },
  {
    "id": "kiraku-okinawa-decfda52",
    "name": "Kiraku",
    "city": "Ishigaki",
    "category": "food"
  },
  {
    "id": "ishigaki-beef-maru-okinawa-0343515e",
    "name": "Ishigaki Beef MARU",
    "city": "Ishigaki",
    "category": "food"
  },
  {
    "id": "chinen-shokai-okinawa-10f8d4a3",
    "name": "Chinen Shokai",
    "city": "Ishigaki",
    "category": "food"
  },
  {
    "id": "menya-yagiya-okinawa-9a9600ed",
    "name": "Menya Yagiya",
    "city": "Ishigaki",
    "category": "food"
  },
  {
    "id": "kitauchi-bokujo-hamasaki-okinawa-db05b235",
    "name": "Kitauchi Bokujo Hamasaki",
    "city": "Ishigaki",
    "category": "food"
  },
  {
    "id": "funakura-okinawa-070b696f",
    "name": "Funakura",
    "city": "Ishigaki",
    "category": "food"
  },
  {
    "id": "puff-puff-natural-garden-cafe-okinawa-2f24363c",
    "name": "Puff Puff (Natural Garden Cafe)",
    "city": "Ishigaki",
    "category": "food"
  },
  {
    "id": "yakiniku-orion-okinawa-960e935d",
    "name": "Yakiniku Orion",
    "city": "Ishigaki",
    "category": "food"
  },
  {
    "id": "pengin-shokudo-okinawa-44094f7b",
    "name": "Pengin Shokudo",
    "city": "Ishigaki",
    "category": "food"
  },
  {
    "id": "steak-restaurant-han-re-okinawa-b786725e",
    "name": "Steak Restaurant Han Re",
    "city": "Ishigaki",
    "category": "food"
  },
  {
    "id": "maruha-sengyo-okinawa-e544567e",
    "name": "Maruha Sengyo",
    "city": "Ishigaki",
    "category": "food"
  },
  {
    "id": "vanilla-deli-okinawa-722d2484",
    "name": "Vanilla Deli",
    "city": "Ishigaki",
    "category": "food"
  },
  {
    "id": "usagiya-ishigaki-honten-okinawa-6f3a5522",
    "name": "Usagiya Ishigaki Honten",
    "city": "Ishigaki",
    "category": "food"
  },
  {
    "id": "shimasoba-ichibanji-okinawa-c772967d",
    "name": "Shimasoba Ichibanji",
    "city": "Ishigaki",
    "category": "food"
  },
  {
    "id": "corner-s-grill-okinawa-7046d8a9",
    "name": "Corner's Grill",
    "city": "Ishigaki",
    "category": "food"
  },
  {
    "id": "yakiniku-ishigakiya-okinawa-1eb42624",
    "name": "Yakiniku Ishigakiya",
    "city": "Ishigaki",
    "category": "food"
  },
  {
    "id": "miru-miru-honpo-honten-okinawa-3f2246fe",
    "name": "Miru Miru Honpo Honten",
    "city": "Ishigaki",
    "category": "food"
  },
  {
    "id": "akaishi-shokudo-okinawa-73fce832",
    "name": "Akaishi Shokudo",
    "city": "Ishigaki",
    "category": "food"
  },
  {
    "id": "nakamuraya-okinawa-5dd6e223",
    "name": "Nakamuraya",
    "city": "Ishigaki",
    "category": "food"
  },
  {
    "id": "yarabu-shokudo-okinawa-a40e794a",
    "name": "Yarabu Shokudo",
    "city": "Ishigaki",
    "category": "food"
  },
  {
    "id": "tofu-higa-okinawa-baf15e46",
    "name": "Tofu Higa",
    "city": "Ishigaki",
    "category": "food"
  },
  {
    "id": "tuna-dake-okinawa-34715327",
    "name": "Tuna Dake",
    "city": "Ishigaki",
    "category": "food"
  },
  {
    "id": "sumibiyakiniku-yamamoto-okinawa-b3f489b9",
    "name": "Sumibiyakiniku Yamamoto",
    "city": "Ishigaki",
    "category": "food"
  },
  {
    "id": "karasoba-specialist-myfune-okinawa-ff644da1",
    "name": "Karasoba Specialist Myfune",
    "city": "Ishigaki",
    "category": "food"
  },
  {
    "id": "kabira-park-chaya-okinawa-407d3da2",
    "name": "Kabira Park Chaya",
    "city": "Ishigaki",
    "category": "food"
  },
  {
    "id": "maguro-senmon-izakaya-hitoshi-ishigantou-okinawa-5169bc1b",
    "name": "Maguro Senmon Izakaya Hitoshi Ishigantou",
    "city": "Ishigaki",
    "category": "food"
  },
  {
    "id": "blue-cafe-ishigakijima-okinawa-3d1a745f",
    "name": "Blue Cafe Ishigakijima",
    "city": "Ishigaki",
    "category": "food"
  },
  {
    "id": "island-vegetable-cafe-re-hellow-beach-okinawa-bb9f454a",
    "name": "Island Vegetable Cafe Re:Hellow Beach",
    "city": "Ishigaki",
    "category": "food"
  },
  {
    "id": "ishigaki-island-pudding-honpo-okinawa-e252eaf2",
    "name": "Ishigaki Island Pudding Honpo",
    "city": "Ishigaki",
    "category": "food"
  },
  {
    "id": "hitoshi-honten-okinawa-d32fb65a",
    "name": "Hitoshi Honten",
    "city": "Ishigaki",
    "category": "food"
  },
  {
    "id": "sayoko-no-mise-okinawa-f9722261",
    "name": "Sayoko no Mise",
    "city": "Ishigaki",
    "category": "food"
  },
  {
    "id": "forestale-uno-okinawa-640c1ea0",
    "name": "Forestale Uno",
    "city": "Ishigaki",
    "category": "food"
  },
  {
    "id": "hirakubo-beach-shokudo-okinawa-40e628a8",
    "name": "Hirakubo Beach Shokudo",
    "city": "Ishigaki",
    "category": "food"
  },
  {
    "id": "senka-okinawa-2a5ed4ea",
    "name": "Senka",
    "city": "Ishigaki",
    "category": "food"
  },
  {
    "id": "baraque-okinawa-48e6de6a",
    "name": "Baraque",
    "city": "Ishigaki",
    "category": "food"
  },
  {
    "id": "klop-okinawa-9ee1af1c",
    "name": "Klop",
    "city": "Ishigaki",
    "category": "food"
  },
  {
    "id": "gajumaru-no-buranko-okinawa-313e4ac9",
    "name": "Gajumaru no Buranko",
    "city": "Ishigaki",
    "category": "food"
  },
  {
    "id": "yume-no-ya-okinawa-1f5ab616",
    "name": "Yume no Ya",
    "city": "Ishigaki",
    "category": "food"
  },
  {
    "id": "banana-cafe-okinawa-e35e2fb3",
    "name": "Banana Cafe",
    "city": "Ishigaki",
    "category": "food"
  },
  {
    "id": "sataake-okinawa-4ccbec68",
    "name": "Sataake",
    "city": "Ishigaki",
    "category": "food"
  },
  {
    "id": "ishigaki-yoshida-okinawa-c21c1aae",
    "name": "Ishigaki Yoshida",
    "city": "Ishigaki",
    "category": "food"
  },
  {
    "id": "nosoko-mape-okinawa-a0fe2118",
    "name": "Nosoko Mape",
    "city": "Ishigaki",
    "category": "food"
  },
  {
    "id": "kamizaki-okinawa-dccd0def",
    "name": "Kamizaki",
    "city": "Ishigaki",
    "category": "food"
  },
  {
    "id": "umi-no-sudo-okinawa-e42c313f",
    "name": "Umi no Sudo",
    "city": "Ishigaki",
    "category": "food"
  },
  {
    "id": "tonkatsu-kawakyu-kyushu-dcfb7ce2",
    "name": "Tonkatsu Kawakyu",
    "city": "Kagoshima",
    "category": "food"
  },
  {
    "id": "cafe-kanojonoie-kyushu-6c7cc33c",
    "name": "Cafe Kanojonoie",
    "city": "Kagoshima",
    "category": "food"
  },
  {
    "id": "wasan-meizanbori-kyushu-6c530655",
    "name": "Wasan Meizanbori",
    "city": "Kagoshima",
    "category": "food"
  },
  {
    "id": "kurozu-farm-cafe-and-market-kyushu-a6658326",
    "name": "Kurozu Farm CAFE AND MARKET",
    "city": "Kagoshima",
    "category": "food"
  },
  {
    "id": "festivalo-tenmonkan-kyushu-97737cdb",
    "name": "Festivalo Tenmonkan",
    "city": "Kagoshima",
    "category": "food"
  },
  {
    "id": "jigenji-somen-nagashi-kyushu-45a6bbb1",
    "name": "Jigenji Somen Nagashi",
    "city": "Kagoshima",
    "category": "food"
  },
  {
    "id": "yanagawa-hyoshitsu-kyushu-d8276032",
    "name": "Yanagawa Hyoshitsu",
    "city": "Kagoshima",
    "category": "food"
  },
  {
    "id": "satsuma-ji-dori-torihana-kyushu-f98b7ba9",
    "name": "Satsuma Ji-dori Torihana",
    "city": "Kagoshima",
    "category": "food"
  },
  {
    "id": "torisen-ippo-kyushu-d7aeeda0",
    "name": "Torisen Ippo",
    "city": "Kagoshima",
    "category": "food"
  },
  {
    "id": "tsukiagean-tenmonkan-kyushu-a933bb5c",
    "name": "Tsukiagean Tenmonkan",
    "city": "Kagoshima",
    "category": "food"
  },
  {
    "id": "gyu-do-kyushu-4d7a7fd1",
    "name": "Gyu do!",
    "city": "Kagoshima",
    "category": "food"
  },
  {
    "id": "menpo-vagabond-kyushu-c9f81ff8",
    "name": "Menpo Vagabond",
    "city": "Kagoshima",
    "category": "food"
  },
  {
    "id": "satsuma-jokiya-tenmonkan-kyushu-553fbe2a",
    "name": "Satsuma Jokiya Tenmonkan",
    "city": "Kagoshima",
    "category": "food"
  },
  {
    "id": "starbucks-kagoshima-sengan-en-kyushu-b50bb130",
    "name": "Starbucks Kagoshima Sengan-en",
    "city": "Kagoshima",
    "category": "food"
  },
  {
    "id": "susumuya-chaten-kyushu-a804fb4f",
    "name": "Susumuya Chaten",
    "city": "Kagoshima",
    "category": "food"
  },
  {
    "id": "sakurajima-ferry-yabukin-kyushu-859ddd1d",
    "name": "Sakurajima Ferry Yabukin",
    "city": "Kagoshima",
    "category": "food"
  },
  {
    "id": "kagoshima-ramen-tontoro-kyushu-4e6050a2",
    "name": "Kagoshima Ramen Tontoro",
    "city": "Kagoshima",
    "category": "food"
  },
  {
    "id": "ichiniisan-tenmonkan-kyushu-d8c5abee",
    "name": "Ichiniisan Tenmonkan",
    "city": "Kagoshima",
    "category": "food"
  },
  {
    "id": "kagoshima-kurobuta-roppaku-kyushu-a57590e2",
    "name": "Kagoshima Kurobuta Roppaku",
    "city": "Kagoshima",
    "category": "food"
  },
  {
    "id": "aji-no-tonkatsu-maruichi-kyushu-74a68c2e",
    "name": "Aji no Tonkatsu Maruichi",
    "city": "Kagoshima",
    "category": "food"
  },
  {
    "id": "aji-no-sato-chinman-kyushu-c7f4d2d1",
    "name": "Aji no Sato Chinman",
    "city": "Kagoshima",
    "category": "food"
  },
  {
    "id": "ichiba-shokudo-kyushu-f2023796",
    "name": "Ichiba Shokudo",
    "city": "Kagoshima",
    "category": "food"
  },
  {
    "id": "kagomma-furusato-yataimura-kyushu-c1b1ec0f",
    "name": "Kagomma Furusato Yataimura",
    "city": "Kagoshima",
    "category": "food"
  },
  {
    "id": "akashiya-main-store-kyushu-1ab1a2c0",
    "name": "Akashiya Main Store",
    "city": "Kagoshima",
    "category": "food"
  },
  {
    "id": "agetateya-tenmonkan-kyushu-1fc9ebf8",
    "name": "Agetateya Tenmonkan",
    "city": "Kagoshima",
    "category": "food"
  },
  {
    "id": "mawaru-sushi-mekkemon-kyushu-2896389b",
    "name": "Mawaru Sushi Mekkemon",
    "city": "Kagoshima",
    "category": "food"
  },
  {
    "id": "wakana-tenmonkan-kyushu-53db5728",
    "name": "Wakana Tenmonkan",
    "city": "Kagoshima",
    "category": "food"
  },
  {
    "id": "kuma-so-tei-kyushu-d7ee5816",
    "name": "Kuma So Tei",
    "city": "Kagoshima",
    "category": "food"
  },
  {
    "id": "karen-kagoshima-kyushu-24da585b",
    "name": "Karen Kagoshima",
    "city": "Kagoshima",
    "category": "food"
  },
  {
    "id": "unagi-no-sueyoshi-kyushu-1d2840f9",
    "name": "Unagi no Sueyoshi",
    "city": "Kagoshima",
    "category": "food"
  },
  {
    "id": "sandeco-coffee-sugaku-cafe-kyushu-5d18ea01",
    "name": "SANDECO COFFEE Sugaku Cafe",
    "city": "Kagoshima",
    "category": "food"
  },
  {
    "id": "komurasaki-tenmonkan-kyushu-1d5a61a2",
    "name": "Komurasaki Tenmonkan",
    "city": "Kagoshima",
    "category": "food"
  },
  {
    "id": "unagi-no-matsuju-kyushu-6582c9fd",
    "name": "Unagi no Matsuju",
    "city": "Kagoshima",
    "category": "food"
  },
  {
    "id": "yakiniku-nabeshima-tenmonkan-kyushu-0114839a",
    "name": "Yakiniku Nabeshima Tenmonkan",
    "city": "Kagoshima",
    "category": "food"
  },
  {
    "id": "kurobuta-ryori-ajimori-kyushu-59b425a5",
    "name": "Kurobuta Ryori Ajimori",
    "city": "Kagoshima",
    "category": "food"
  },
  {
    "id": "tenmonkan-mujaki-kyushu-3aa0e40e",
    "name": "Tenmonkan Mujaki",
    "city": "Kagoshima",
    "category": "food"
  },
  {
    "id": "kagoshima-ramen-garufu-kyushu-64117f23",
    "name": "Kagoshima Ramen Garufu",
    "city": "Kagoshima",
    "category": "food"
  },
  {
    "id": "zabon-ramen-kyushu-7b333d8f",
    "name": "Zabon Ramen",
    "city": "Kagoshima",
    "category": "food"
  },
  {
    "id": "noriichi-kyushu-53b0dfa4",
    "name": "Noriichi",
    "city": "Kagoshima",
    "category": "food"
  },
  {
    "id": "ramen-kokinta-kyushu-7e0bc89c",
    "name": "Ramen Kokinta",
    "city": "Kagoshima",
    "category": "food"
  },
  {
    "id": "tonkatsu-taketei-tagami-kyushu-47f905e0",
    "name": "Tonkatsu Taketei Tagami",
    "city": "Kagoshima",
    "category": "food"
  },
  {
    "id": "menya-kyujiro-kyushu-68ec938b",
    "name": "Menya Kyujiro",
    "city": "Kagoshima",
    "category": "food"
  },
  {
    "id": "kurokatsutei-chuo-station-kyushu-9cef1eb0",
    "name": "Kurokatsutei Chuo Station",
    "city": "Kagoshima",
    "category": "food"
  },
  {
    "id": "miyama-honpo-tenmonkan-kyushu-a36512ab",
    "name": "Miyama Honpo Tenmonkan",
    "city": "Kagoshima",
    "category": "food"
  },
  {
    "id": "chuka-soba-shukaen-chugoku-3889b59d",
    "name": "Chuka Soba Shukaen",
    "city": "Kasaoka",
    "category": "food"
  },
  {
    "id": "pizzeria-e-trattoria-magazzino-kansai-f2169b0f",
    "name": "Pizzeria e Trattoria Magazzino",
    "city": "Kashiba",
    "category": "food"
  },
  {
    "id": "king-tacos-kin-main-store-okinawa-331e56a8",
    "name": "King Tacos (Kin Main Store)",
    "city": "Kin",
    "category": "food"
  },
  {
    "id": "kurozu-hompo-kakuida-kyushu-3d45c47d",
    "name": "Kurozu Hompo Kakuida",
    "city": "Kirishima",
    "category": "food"
  },
  {
    "id": "kitakata-ramen-street-tohoku-0947c529",
    "name": "Kitakata Ramen Street",
    "city": "Kitakata",
    "category": "food"
  },
  {
    "id": "comme-chinois-kansai-b4b6c18e",
    "name": "Comme Chinois",
    "city": "Kobe",
    "category": "food"
  },
  {
    "id": "gaen-shuka-kansai-37c08986",
    "name": "Gaen Shuka",
    "city": "Kobe",
    "category": "food"
  },
  {
    "id": "sake-baru-kansai-496a081f",
    "name": "Sake Baru",
    "city": "Kobe",
    "category": "food"
  },
  {
    "id": "metimen-kansai-88cb0c17",
    "name": "Metimen",
    "city": "Kobe",
    "category": "food"
  },
  {
    "id": "tor-road-steak-aoyama-kansai-8bcc491c",
    "name": "Tor Road Steak Aoyama",
    "city": "Kobe",
    "category": "food"
  },
  {
    "id": "ramen-taro-sannomiya-kansai-91bfeb57",
    "name": "Ramen Taro Sannomiya",
    "city": "Kobe",
    "category": "food"
  },
  {
    "id": "gensai-kansai-d6706b40",
    "name": "Gensai",
    "city": "Kobe",
    "category": "food"
  },
  {
    "id": "santica-kansai-9561f030",
    "name": "Santica",
    "city": "Kobe",
    "category": "food"
  },
  {
    "id": "mamounia-kansai-1c2f3ed0",
    "name": "Mamounia",
    "city": "Kobe",
    "category": "food"
  },
  {
    "id": "cafe-keshiperl-kansai-aeb9ff7a",
    "name": "Cafe Keshiperl",
    "city": "Kobe",
    "category": "food"
  },
  {
    "id": "ca-marche-kansai-23b58b92",
    "name": "Ca Marche",
    "city": "Kobe",
    "category": "food"
  },
  {
    "id": "kitano-club-kansai-88ce79db",
    "name": "Kitano Club",
    "city": "Kobe",
    "category": "food"
  },
  {
    "id": "kobe-kitano-hotel-iguarek-kansai-c49ded26",
    "name": "Kobe Kitano Hotel Iguarek",
    "city": "Kobe",
    "category": "food"
  },
  {
    "id": "naan-inn-kansai-9a45cf39",
    "name": "Naan Inn",
    "city": "Kobe",
    "category": "food"
  },
  {
    "id": "gaylord-kansai-e351051e",
    "name": "Gaylord",
    "city": "Kobe",
    "category": "food"
  },
  {
    "id": "hakutsuru-sake-brewery-museum-kansai-59319aef",
    "name": "Hakutsuru Sake Brewery Museum",
    "city": "Kobe",
    "category": "food"
  },
  {
    "id": "uoshin-sannomiya-kansai-f9a64ccc",
    "name": "Uoshin Sannomiya",
    "city": "Kobe",
    "category": "food"
  },
  {
    "id": "tachibana-kansai-09367dea",
    "name": "Tachibana",
    "city": "Kobe",
    "category": "food"
  },
  {
    "id": "aomori-kansai-dbe1f5f8",
    "name": "Aomori",
    "city": "Kobe",
    "category": "food"
  },
  {
    "id": "mokkosu-honten-kansai-b46e1a08",
    "name": "Mokkosu Honten",
    "city": "Kobe",
    "category": "food"
  },
  {
    "id": "enishi-kansai-7e1db693",
    "name": "Enishi",
    "city": "Kobe",
    "category": "food"
  },
  {
    "id": "kobe-frantz-kansai-f7e096bc",
    "name": "Kobe Frantz",
    "city": "Kobe",
    "category": "food"
  },
  {
    "id": "motomachi-cake-kansai-a8415301",
    "name": "Motomachi Cake",
    "city": "Kobe",
    "category": "food"
  },
  {
    "id": "kannonya-motomachi-kansai-30a03171",
    "name": "Kannonya Motomachi",
    "city": "Kobe",
    "category": "food"
  },
  {
    "id": "patisserie-tooth-tooth-maison-15th-kansai-a3a53471",
    "name": "Patisserie Tooth Tooth Maison 15th",
    "city": "Kobe",
    "category": "food"
  },
  {
    "id": "cafe-freundlieb-kansai-597e2134",
    "name": "Cafe Freundlieb",
    "city": "Kobe",
    "category": "food"
  },
  {
    "id": "mon-kansai-97b2c7ff",
    "name": "Mon",
    "city": "Kobe",
    "category": "food"
  },
  {
    "id": "setsu-kansai-c5d506a8",
    "name": "Setsu",
    "city": "Kobe",
    "category": "food"
  },
  {
    "id": "red-rock-sannomiya-kansai-fb2ff0a9",
    "name": "Red Rock Sannomiya",
    "city": "Kobe",
    "category": "food"
  },
  {
    "id": "nishimura-coffee-kitano-kansai-62ee5532",
    "name": "Nishimura Coffee Kitano",
    "city": "Kobe",
    "category": "food"
  },
  {
    "id": "isuzu-bakery-kansai-6b9a145c",
    "name": "Isuzu Bakery",
    "city": "Kobe",
    "category": "food"
  },
  {
    "id": "kobe-hishigan-kansai-a7c8bf51",
    "name": "Kobe Hishigan",
    "city": "Kobe",
    "category": "food"
  },
  {
    "id": "nagata-tank-suji-kansai-a7244680",
    "name": "Nagata Tank-suji",
    "city": "Kobe",
    "category": "food"
  },
  {
    "id": "mouriya-honten-kansai-8fd56a61",
    "name": "Mouriya Honten",
    "city": "Kobe",
    "category": "food"
  },
  {
    "id": "kiku-masamune-sake-brewery-museum-kansai-1c9f09a4",
    "name": "Kiku-Masamune Sake Brewery Museum",
    "city": "Kobe",
    "category": "food"
  },
  {
    "id": "wakkoqu-kitano-kansai-e277bc2b",
    "name": "Wakkoqu Kitano",
    "city": "Kobe",
    "category": "food"
  },
  {
    "id": "steakland-kobe-kansai-5697a66a",
    "name": "Steakland Kobe",
    "city": "Kobe",
    "category": "food"
  },
  {
    "id": "kobe-beef-steak-ishida-kansai-93b44fcb",
    "name": "Kobe Beef Steak Ishida",
    "city": "Kobe",
    "category": "food"
  },
  {
    "id": "grill-ippei-sannomiya-kansai-28fb6063",
    "name": "Grill Ippei Sannomiya",
    "city": "Kobe",
    "category": "food"
  },
  {
    "id": "l-ami-kansai-cc96b991",
    "name": "L'Ami",
    "city": "Kobe",
    "category": "food"
  },
  {
    "id": "yoshoku-no-asahi-kansai-9dfd0ea2",
    "name": "Yoshoku no Asahi",
    "city": "Kobe",
    "category": "food"
  },
  {
    "id": "rousho-ki-kansai-3adb014d",
    "name": "Rousho Ki",
    "city": "Kobe",
    "category": "food"
  },
  {
    "id": "hyotan-gyoza-kansai-d248e4b3",
    "name": "Hyotan Gyoza",
    "city": "Kobe",
    "category": "food"
  },
  {
    "id": "gyoza-daigaku-kansai-1e012a81",
    "name": "Gyoza Daigaku",
    "city": "Kobe",
    "category": "food"
  },
  {
    "id": "minsei-kansai-83ecbd10",
    "name": "Minsei",
    "city": "Kobe",
    "category": "food"
  },
  {
    "id": "hirome-market-shikoku-f318fca6",
    "name": "Hirome Market",
    "city": "Kochi",
    "category": "food"
  },
  {
    "id": "keika-ramen-honten-kyushu-5bb40295",
    "name": "Keika Ramen Honten",
    "city": "Kumamoto",
    "category": "food"
  },
  {
    "id": "mutsugoro-kyushu-e5e3346b",
    "name": "Mutsugoro",
    "city": "Kumamoto",
    "category": "food"
  },
  {
    "id": "tengaiten-honten-kyushu-af32494b",
    "name": "Tengaiten Honten",
    "city": "Kumamoto",
    "category": "food"
  },
  {
    "id": "yakkozushi-kyushu-eafb9951",
    "name": "Yakkozushi",
    "city": "Kumamoto",
    "category": "food"
  },
  {
    "id": "aoyagi-kyushu-222f83f1",
    "name": "Aoyagi",
    "city": "Kumamoto",
    "category": "food"
  },
  {
    "id": "yokobachi-kyushu-0dc898f5",
    "name": "Yokobachi",
    "city": "Kumamoto",
    "category": "food"
  },
  {
    "id": "ramen-akagumi-kyushu-af94b6a0",
    "name": "Ramen Akagumi",
    "city": "Kumamoto",
    "category": "food"
  },
  {
    "id": "uma-sakura-kyushu-1aaab79c",
    "name": "Uma Sakura",
    "city": "Kumamoto",
    "category": "food"
  },
  {
    "id": "sekkasanbou-kyushu-36fa88df",
    "name": "Sekkasanbou",
    "city": "Kumamoto",
    "category": "food"
  },
  {
    "id": "unagi-no-tokunaga-kita-kyushu-6d5cafd1",
    "name": "Unagi no Tokunaga Kita",
    "city": "Kumamoto",
    "category": "food"
  },
  {
    "id": "suganoya-ginza-dori-kyushu-c5006b2f",
    "name": "Suganoya Ginza-dori",
    "city": "Kumamoto",
    "category": "food"
  }
]
