[
  {
    "id": "kano-tohoku-bc7ee734",
    "name": "Kano",
    "city": "Sendai",
    "category": "food"
  },
  {
    "id": "seki-tohoku-80704c00",
    "name": "Seki",
    "city": "Sendai",
    "category": "food"
  },
  {
    "id": "gyutan-keyaki-tohoku-a28694f0",
    "name": "Gyutan Keyaki",
    "city": "Sendai",
    "category": "food"
  },
  {
    "id": "taishoken-tohoku-910f7817",
    "name": "Taishoken",
    "city": "Sendai",
    "category": "food"
  },
  {
    "id": "imou-tohoku-42e25f12",
    "name": "Imou",
    "city": "Sendai",
    "category": "food"
  },
  {
    "id": "suehiro-honten-tohoku-8a094ba5",
    "name": "Suehiro Honten",
    "city": "Sendai",
    "category": "food"
  },
  {
    "id": "kumaryu-tohoku-18cbb6f6",
    "name": "Kumaryu",
    "city": "Sendai",
    "category": "food"
  },
  {
    "id": "kakigoya-tobiume-tohoku-06aca9de",
    "name": "Kakigoya Tobiume",
    "city": "Sendai",
    "category": "food"
  },
  {
    "id": "saito-sozai-tohoku-369a40af",
    "name": "Saito Sozai",
    "city": "Sendai",
    "category": "food"
  },
  {
    "id": "hachi-sendai-station-tohoku-9c6327cc",
    "name": "Hachi Sendai Station",
    "city": "Sendai",
    "category": "food"
  },
  {
    "id": "dashiro-tohoku-c527d7ad",
    "name": "Dashiro",
    "city": "Sendai",
    "category": "food"
  },
  {
    "id": "izakaya-chocho-tohoku-19ba5133",
    "name": "Izakaya Chocho",
    "city": "Sendai",
    "category": "food"
  },
  {
    "id": "hosshoyan-tohoku-611b8021",
    "name": "Hosshoyan",
    "city": "Sendai",
    "category": "food"
  },
  {
    "id": "chinese-meshiya-chikuchiku-tohoku-5285f833",
    "name": "Chinese Meshiya Chikuchiku",
    "city": "Sendai",
    "category": "food"
  },
  {
    "id": "sushidokoro-koya-tohoku-60cc2e0e",
    "name": "Sushidokoro Koya",
    "city": "Sendai",
    "category": "food"
  },
  {
    "id": "darestore-tohoku-7043d150",
    "name": "Darestore",
    "city": "Sendai",
    "category": "food"
  },
  {
    "id": "kisuke-tohoku-fa4ffee5",
    "name": "Kisuke",
    "city": "Sendai",
    "category": "food"
  },
  {
    "id": "senreizushi-tohoku-d9bfd754",
    "name": "Senreizushi",
    "city": "Sendai",
    "category": "food"
  },
  {
    "id": "taiyaki-ankoya-tohoku-f8ead38b",
    "name": "Taiyaki Ankoya",
    "city": "Sendai",
    "category": "food"
  },
  {
    "id": "umai-sushikan-ichibancho-tohoku-f7c2a534",
    "name": "Umai Sushikan Ichibancho",
    "city": "Sendai",
    "category": "food"
  },
  {
    "id": "wabisuke-tohoku-11378c99",
    "name": "Wabisuke",
    "city": "Sendai",
    "category": "food"
  },
  {
    "id": "cafe-mozart-atelier-tohoku-24fa7fbb",
    "name": "Cafe Mozart Atelier",
    "city": "Sendai",
    "category": "food"
  },
  {
    "id": "genji-tohoku-88eea17b",
    "name": "Genji",
    "city": "Sendai",
    "category": "food"
  },
  {
    "id": "rikyu-sendai-station-tohoku-d0610d89",
    "name": "Rikyu Sendai Station",
    "city": "Sendai",
    "category": "food"
  },
  {
    "id": "kanmidokoro-hikoichi-tohoku-9866fe88",
    "name": "Kanmidokoro Hikoichi",
    "city": "Sendai",
    "category": "food"
  },
  {
    "id": "gyutan-ryori-kaku-tohoku-bc52a04c",
    "name": "Gyutan Ryori Kaku",
    "city": "Sendai",
    "category": "food"
  },
  {
    "id": "kazunori-ikeda-individuel-tohoku-23a9bd25",
    "name": "Kazunori Ikeda Individuel",
    "city": "Sendai",
    "category": "food"
  },
  {
    "id": "asaichi-shokudo-shoyu-tohoku-8a84e9fd",
    "name": "Asaichi Shokudo Shoyu",
    "city": "Sendai",
    "category": "food"
  },
  {
    "id": "robata-tohoku-bf0e09a9",
    "name": "Robata",
    "city": "Sendai",
    "category": "food"
  },
  {
    "id": "endou-mochi-ten-tohoku-3241a460",
    "name": "Endou Mochi Ten",
    "city": "Sendai",
    "category": "food"
  },
  {
    "id": "ryutei-tohoku-4fdd8c80",
    "name": "Ryutei",
    "city": "Sendai",
    "category": "food"
  },
  {
    "id": "gyutan-tsukasa-tohoku-c0f0a480",
    "name": "Gyutan Tsukasa",
    "city": "Sendai",
    "category": "food"
  },
  {
    "id": "sendai-asaichi-tohoku-e1a85341",
    "name": "Sendai Asaichi",
    "city": "Sendai",
    "category": "food"
  },
  {
    "id": "tanya-zenjiro-sendai-station-tohoku-ceda2bd2",
    "name": "Tanya Zenjiro Sendai Station",
    "city": "Sendai",
    "category": "food"
  },
  {
    "id": "murakamiya-mochi-ten-tohoku-106f3f1a",
    "name": "Murakamiya Mochi Ten",
    "city": "Sendai",
    "category": "food"
  },
  {
    "id": "zunda-saryo-sendai-station-tohoku-6d6de509",
    "name": "Zunda Saryo Sendai Station",
    "city": "Sendai",
    "category": "food"
  },
  {
    "id": "umami-tasuke-tohoku-bb428a4b",
    "name": "Umami Tasuke",
    "city": "Sendai",
    "category": "food"
  },
  {
    "id": "shiogama-shirahata-s-pal-tohoku-fd9c3dd3",
    "name": "Shiogama Shirahata S-PAL",
    "city": "Sendai",
    "category": "food"
  },
  {
    "id": "flat-white-coffee-factory-tohoku-b608d152",
    "name": "Flat White Coffee Factory",
    "city": "Sendai",
    "category": "food"
  },
  {
    "id": "aji-tasuke-tohoku-28c84445",
    "name": "Aji Tasuke",
    "city": "Sendai",
    "category": "food"
  },
  {
    "id": "sendai-kko-ramen-sendai-station-tohoku-fe13fcb3",
    "name": "Sendai-kko Ramen Sendai Station",
    "city": "Sendai",
    "category": "food"
  },
  {
    "id": "abe-kamaboko-ten-honten-tohoku-526d1b4e",
    "name": "Abe Kamaboko Ten Honten",
    "city": "Sendai",
    "category": "food"
  },
  {
    "id": "date-no-gyutan-honpo-tohoku-e13af191",
    "name": "Date no Gyutan Honpo",
    "city": "Sendai",
    "category": "food"
  },
  {
    "id": "ramen-smith-tohoku-4e21427c",
    "name": "Ramen Smith",
    "city": "Sendai",
    "category": "food"
  },
  {
    "id": "aoyama-bunko-tohoku-a1a27985",
    "name": "Aoyama Bunko",
    "city": "Sendai",
    "category": "food"
  },
  {
    "id": "chuka-soba-kaichi-tohoku-7c625bce",
    "name": "Chuka Soba Kaichi",
    "city": "Sendai",
    "category": "food"
  },
  {
    "id": "ueharaya-honten-shikoku-5e14557c",
    "name": "Ueharaya Honten",
    "city": "Takamatsu",
    "category": "food"
  },
  {
    "id": "cafe-kuguri-shikoku-f865d3bd",
    "name": "Cafe Kuguri",
    "city": "Takamatsu",
    "category": "food"
  },
  {
    "id": "sake-to-sakana-shikoku-89ed88aa",
    "name": "Sake to Sakana",
    "city": "Takamatsu",
    "category": "food"
  },
  {
    "id": "tamoya-honten-shikoku-4e10c74d",
    "name": "Tamoya Honten",
    "city": "Takamatsu",
    "category": "food"
  },
  {
    "id": "kiyowatei-shikoku-012d2565",
    "name": "Kiyowatei",
    "city": "Takamatsu",
    "category": "food"
  },
  {
    "id": "uoichiba-ogase-shikoku-7d483a36",
    "name": "Uoichiba Ogase",
    "city": "Takamatsu",
    "category": "food"
  },
  {
    "id": "keyaki-cafe-shikoku-a8129870",
    "name": "Keyaki Cafe",
    "city": "Takamatsu",
    "category": "food"
  },
  {
    "id": "yakiniku-nakagawa-shikoku-946234da",
    "name": "Yakiniku Nakagawa",
    "city": "Takamatsu",
    "category": "food"
  },
  {
    "id": "hidamari-kaki-gori-stand-shikoku-c9ee33fd",
    "name": "Hidamari Kaki-Gori Stand",
    "city": "Takamatsu",
    "category": "food"
  },
  {
    "id": "robata-yaki-amiya-shikoku-99c82fd9",
    "name": "Robata Yaki Amiya",
    "city": "Takamatsu",
    "category": "food"
  },
  {
    "id": "sushikatsu-shikoku-9f4b5af5",
    "name": "Sushikatsu",
    "city": "Takamatsu",
    "category": "food"
  },
  {
    "id": "menya-kiseki-shikoku-fd2c8290",
    "name": "Menya Kiseki",
    "city": "Takamatsu",
    "category": "food"
  },
  {
    "id": "takamatsu-central-wholesale-market-shikoku-529c61f9",
    "name": "Takamatsu Central Wholesale Market",
    "city": "Takamatsu",
    "category": "food"
  },
  {
    "id": "lantana-shikoku-27cc3c33",
    "name": "Lantana",
    "city": "Takamatsu",
    "category": "food"
  },
  {
    "id": "ikkaku-takamatsu-shikoku-a42e04e1",
    "name": "Ikkaku Takamatsu",
    "city": "Takamatsu",
    "category": "food"
  },
  {
    "id": "teuchi-judan-udon-baka-ichidai-shikoku-cc428c6d",
    "name": "Teuchi Judan Udon Baka Ichidai",
    "city": "Takamatsu",
    "category": "food"
  },
  {
    "id": "sakaeda-udon-shikoku-221be034",
    "name": "Sakaeda Udon",
    "city": "Takamatsu",
    "category": "food"
  },
  {
    "id": "teuchi-udon-tsurumaru-shikoku-18c6294a",
    "name": "Teuchi Udon Tsurumaru",
    "city": "Takamatsu",
    "category": "food"
  },
  {
    "id": "machi-no-shule-963-shikoku-fc3997dc",
    "name": "Machi no Shule 963",
    "city": "Takamatsu",
    "category": "food"
  },
  {
    "id": "honetsukidori-yoridorimidori-shikoku-1fcd03d0",
    "name": "Honetsukidori Yoridorimidori",
    "city": "Takamatsu",
    "category": "food"
  },
  {
    "id": "matsushita-seimenjo-shikoku-2daa8cd2",
    "name": "Matsushita Seimenjo",
    "city": "Takamatsu",
    "category": "food"
  },
  {
    "id": "ranmaru-shikoku-9b31578c",
    "name": "Ranmaru",
    "city": "Takamatsu",
    "category": "food"
  },
  {
    "id": "sanuki-rock-shikoku-008ec784",
    "name": "Sanuki Rock",
    "city": "Takamatsu",
    "category": "food"
  },
  {
    "id": "udon-ippuku-shikoku-5848504d",
    "name": "Udon Ippuku",
    "city": "Takamatsu",
    "category": "food"
  },
  {
    "id": "tenkatsu-shikoku-b3037485",
    "name": "Tenkatsu",
    "city": "Takamatsu",
    "category": "food"
  },
  {
    "id": "merikenya-takamatsu-station-shikoku-fcc646b5",
    "name": "Merikenya Takamatsu Station",
    "city": "Takamatsu",
    "category": "food"
  },
  {
    "id": "ramen-suzumushi-shikoku-82c5ca6e",
    "name": "Ramen Suzumushi",
    "city": "Takamatsu",
    "category": "food"
  },
  {
    "id": "honetsukidori-azuma-shikoku-0324cad3",
    "name": "Honetsukidori Azuma",
    "city": "Takamatsu",
    "category": "food"
  },
  {
    "id": "shinpei-udon-shikoku-0776e614",
    "name": "Shinpei Udon",
    "city": "Takamatsu",
    "category": "food"
  },
  {
    "id": "chikusei-shikoku-9f8d02c9",
    "name": "Chikusei",
    "city": "Takamatsu",
    "category": "food"
  },
  {
    "id": "setouchi-ajidokoro-katsu-shikoku-b0d3542f",
    "name": "Setouchi Ajidokoro Katsu",
    "city": "Takamatsu",
    "category": "food"
  },
  {
    "id": "waraya-shikoku-cd55a172",
    "name": "Waraya",
    "city": "Takamatsu",
    "category": "food"
  },
  {
    "id": "grill-plancha-shikoku-8a68f431",
    "name": "Grill Plancha",
    "city": "Takamatsu",
    "category": "food"
  },
  {
    "id": "azuki-bakery-shikoku-3ae47df9",
    "name": "Azuki Bakery",
    "city": "Takamatsu",
    "category": "food"
  },
  {
    "id": "goument-shikoku-c1574e61",
    "name": "Goument",
    "city": "Takamatsu",
    "category": "food"
  },
  {
    "id": "itamae-izakaya-kiraku-shikoku-46b439d8",
    "name": "Itamae Izakaya Kiraku",
    "city": "Takamatsu",
    "category": "food"
  },
  {
    "id": "funachu-shikoku-59ee725d",
    "name": "Funachu",
    "city": "Takamatsu",
    "category": "food"
  },
  {
    "id": "umie-shikoku-71df886c",
    "name": "Umie",
    "city": "Takamatsu",
    "category": "food"
  },
  {
    "id": "kaisen-umai-monoya-hamakaido-shikoku-7b462125",
    "name": "Kaisen Umai Monoya Hamakaido",
    "city": "Takamatsu",
    "category": "food"
  },
  {
    "id": "sanbue-shikoku-8866f43c",
    "name": "Sanbue",
    "city": "Takamatsu",
    "category": "food"
  },
  {
    "id": "tsuruya-shikoku-16a33d1b",
    "name": "Tsuruya",
    "city": "Takamatsu",
    "category": "food"
  },
  {
    "id": "godhand-shikoku-044fd36d",
    "name": "Godhand",
    "city": "Takamatsu",
    "category": "food"
  },
  {
    "id": "steak-house-yamashita-shikoku-1465c538",
    "name": "Steak House Yamashita",
    "city": "Takamatsu",
    "category": "food"
  },
  {
    "id": "agura-shikoku-a7f2d6d0",
    "name": "Agura",
    "city": "Takamatsu",
    "category": "food"
  },
  {
    "id": "udon-market-shikoku-56355ca6",
    "name": "Udon Market",
    "city": "Takamatsu",
    "category": "food"
  },
  {
    "id": "cafe-asu-shikoku-16e559de",
    "name": "Cafe Asu",
    "city": "Takamatsu",
    "category": "food"
  },
  {
    "id": "takamori-dengaku-no-sato-kyushu-f4b1e14b",
    "name": "Takamori Dengaku no Sato",
    "city": "Takamori",
    "category": "food"
  },
  {
    "id": "takamori-dengaku-hozonkai-kyushu-e9898a6e",
    "name": "Takamori Dengaku Hozonkai",
    "city": "Takamori",
    "category": "food"
  },
  {
    "id": "ajikura-tengoku-chubu-20abe442",
    "name": "Ajikura Tengoku",
    "city": "Takayama",
    "category": "food"
  },
  {
    "id": "miyagawa-morning-market-chubu-4ee34c47",
    "name": "Miyagawa Morning Market",
    "city": "Takayama",
    "category": "food"
  },
  {
    "id": "center4-hamburgers-chubu-a6b249db",
    "name": "Center4 Hamburgers",
    "city": "Takayama",
    "category": "food"
  },
  {
    "id": "kyoya-chubu-58324a16",
    "name": "Kyoya",
    "city": "Takayama",
    "category": "food"
  },
  {
    "id": "maruaki-takayama-chubu-b905a8bc",
    "name": "Maruaki Takayama",
    "city": "Takayama",
    "category": "food"
  },
  {
    "id": "suzuya-chubu-71d1b1c4",
    "name": "Suzuya",
    "city": "Takayama",
    "category": "food"
  },
  {
    "id": "tsuzumi-soba-chubu-9f4a79ce",
    "name": "Tsuzumi Soba",
    "city": "Takayama",
    "category": "food"
  },
  {
    "id": "restaurant-le-midi-chubu-01431f7c",
    "name": "Restaurant Le Midi",
    "city": "Takayama",
    "category": "food"
  },
  {
    "id": "kihachiro-chubu-7b01fe90",
    "name": "Kihachiro",
    "city": "Takayama",
    "category": "food"
  },
  {
    "id": "dekonaru-yokocho-chubu-fdb202c4",
    "name": "Dekonaru Yokocho",
    "city": "Takayama",
    "category": "food"
  },
  {
    "id": "cafe-ao-chubu-768c2568",
    "name": "Cafe Ao",
    "city": "Takayama",
    "category": "food"
  },
  {
    "id": "sakaguchiya-chubu-f475ea8e",
    "name": "Sakaguchiya",
    "city": "Takayama",
    "category": "food"
  },
  {
    "id": "mame-tengu-chubu-8a830014",
    "name": "Mame Tengu",
    "city": "Takayama",
    "category": "food"
  },
  {
    "id": "hida-takayama-gyoza-sohonten-chubu-6cd2b11e",
    "name": "Hida Takayama Gyoza Sohonten",
    "city": "Takayama",
    "category": "food"
  },
  {
    "id": "heianraku-chubu-1330cbfa",
    "name": "Heianraku",
    "city": "Takayama",
    "category": "food"
  },
  {
    "id": "chitose-chubu-e6249ad2",
    "name": "Chitose",
    "city": "Takayama",
    "category": "food"
  },
  {
    "id": "menya-shirakawa-chubu-2efa7d7f",
    "name": "Menya Shirakawa",
    "city": "Takayama",
    "category": "food"
  },
  {
    "id": "hida-kotte-ushi-chubu-558f9ff9",
    "name": "Hida Kotte Ushi",
    "city": "Takayama",
    "category": "food"
  },
  {
    "id": "yamatake-shoten-chubu-33cb1993",
    "name": "Yamatake Shoten",
    "city": "Takayama",
    "category": "food"
  },
  {
    "id": "saika-ramen-honten-kansai-15fb0bc5",
    "name": "Saika Ramen Honten",
    "city": "Tenri",
    "category": "food"
  },
  {
    "id": "tenri-stamina-ramen-honten-kansai-19749cfc",
    "name": "Tenri Stamina Ramen Honten",
    "city": "Tenri",
    "category": "food"
  },
  {
    "id": "wada-no-yaukun-shikoku-3148388b",
    "name": "Wada no Yaukun",
    "city": "Tokushima",
    "category": "food"
  },
  {
    "id": "ramen-todai-omichi-honten-shikoku-516b20d0",
    "name": "Ramen Todai Omichi Honten",
    "city": "Tokushima",
    "category": "food"
  },
  {
    "id": "awa-kemuri-shikoku-71c93113",
    "name": "Awa Kemuri",
    "city": "Tokushima",
    "category": "food"
  },
  {
    "id": "takashima-coffee-shikoku-a978c776",
    "name": "Takashima Coffee",
    "city": "Tokushima",
    "category": "food"
  },
  {
    "id": "hachiman-shikoku-0af95873",
    "name": "Hachiman",
    "city": "Tokushima",
    "category": "food"
  },
  {
    "id": "kappo-hamai-shikoku-dc67e558",
    "name": "Kappo Hamai",
    "city": "Tokushima",
    "category": "food"
  },
  {
    "id": "agnes-pastry-boutique-shikoku-78cb301a",
    "name": "Agnes Pastry Boutique",
    "city": "Tokushima",
    "category": "food"
  },
  {
    "id": "arata-shikoku-a8c5c0b7",
    "name": "Arata",
    "city": "Tokushima",
    "category": "food"
  },
  {
    "id": "isaribi-shikoku-e2d3e838",
    "name": "Isaribi",
    "city": "Tokushima",
    "category": "food"
  },
  {
    "id": "kuramoto-coffee-shikoku-1c21fdf4",
    "name": "Kuramoto Coffee",
    "city": "Tokushima",
    "category": "food"
  },
  {
    "id": "sushiroku-shikoku-33a12f6c",
    "name": "Sushiroku",
    "city": "Tokushima",
    "category": "food"
  },
  {
    "id": "mamebon-shikoku-9bcb10e1",
    "name": "Mamebon",
    "city": "Tokushima",
    "category": "food"
  },
  {
    "id": "ganshu-shikoku-058f468e",
    "name": "Ganshu",
    "city": "Tokushima",
    "category": "food"
  },
  {
    "id": "namidame-shikoku-a6417166",
    "name": "Namidame",
    "city": "Tokushima",
    "category": "food"
  },
  {
    "id": "cafe-contigo-shikoku-270943e8",
    "name": "Cafe Contigo",
    "city": "Tokushima",
    "category": "food"
  },
  {
    "id": "awaan-shikoku-eed12d60",
    "name": "Awaan",
    "city": "Tokushima",
    "category": "food"
  },
  {
    "id": "ikkaku-shikoku-97e969d4",
    "name": "Ikkaku",
    "city": "Tokushima",
    "category": "food"
  },
  {
    "id": "kintoki-kitchen-shikoku-d0d62083",
    "name": "Kintoki Kitchen",
    "city": "Tokushima",
    "category": "food"
  },
  {
    "id": "ramen-kinto-shikoku-e9f6aa1c",
    "name": "Ramen Kinto",
    "city": "Tokushima",
    "category": "food"
  },
  {
    "id": "tototo-shikoku-33917cbc",
    "name": "Tototo",
    "city": "Tokushima",
    "category": "food"
  },
  {
    "id": "cafe-limone-shikoku-31f907bf",
    "name": "Cafe Limone",
    "city": "Tokushima",
    "category": "food"
  },
  {
    "id": "yakiniku-ten-zan-kaku-shikoku-59935d9a",
    "name": "Yakiniku Ten-zan-kaku",
    "city": "Tokushima",
    "category": "food"
  },
  {
    "id": "wanko-soba-shikoku-58c5aee5",
    "name": "Wanko Soba",
    "city": "Tokushima",
    "category": "food"
  },
  {
    "id": "tokushima-marche-shikoku-462bbc42",
    "name": "Tokushima Marche",
    "city": "Tokushima",
    "category": "food"
  },
  {
    "id": "kashin-shikoku-170f03e0",
    "name": "Kashin",
    "city": "Tokushima",
    "category": "food"
  },
  {
    "id": "fukumo-shikoku-e72dd7d1",
    "name": "Fukumo",
    "city": "Tokushima",
    "category": "food"
  },
  {
    "id": "ousho-shikoku-25b247b0",
    "name": "Ousho",
    "city": "Tokushima",
    "category": "food"
  },
  {
    "id": "ramen-sanpa-shikoku-e9929cee",
    "name": "Ramen Sanpa",
    "city": "Tokushima",
    "category": "food"
  },
  {
    "id": "kapoue-shikoku-4b076428",
    "name": "Kapoue",
    "city": "Tokushima",
    "category": "food"
  },
  {
    "id": "chuuka-soba-tasya-shikoku-52a5ece9",
    "name": "Chuuka Soba Tasya",
    "city": "Tokushima",
    "category": "food"
  },
  {
    "id": "chuka-soba-inotani-honten-shikoku-3c4168e3",
    "name": "Chuka Soba Inotani Honten",
    "city": "Tokushima",
    "category": "food"
  },
  {
    "id": "domannaka-shikoku-e151761c",
    "name": "Domannaka",
    "city": "Tokushima",
    "category": "food"
  },
  {
    "id": "torigian-shikoku-09d645f6",
    "name": "Torigian",
    "city": "Tokushima",
    "category": "food"
  },
  {
    "id": "men-o-shikoku-bfe4dcc2",
    "name": "Men O",
    "city": "Tokushima",
    "category": "food"
  },
  {
    "id": "cafe-role-shikoku-3e6d9110",
    "name": "Cafe Role",
    "city": "Tokushima",
    "category": "food"
  },
  {
    "id": "ameyoko-shopping-street-kanto-e6788ad4",
    "name": "Ameyoko Shopping Street",
    "city": "Tokyo",
    "category": "food"
  },
  {
    "id": "shiro-hige-s-cream-puff-factory-kanto-dc68db28",
    "name": "Shiro-Hige's Cream Puff Factory",
    "city": "Tokyo",
    "category": "food"
  },
  {
    "id": "sushi-dai-kanto-3727f874",
    "name": "Sushi Dai",
    "city": "Tokyo",
    "category": "food"
  },
  {
    "id": "udon-shin-kanto-954ae552",
    "name": "Udon Shin",
    "city": "Tokyo",
    "category": "food"
  },
  {
    "id": "tempura-shinjuku-tsunahachi-souhonten-kanto-ea198ee2",
    "name": "Tempura Shinjuku Tsunahachi Souhonten",
    "city": "Tokyo",
    "category": "food"
  },
  {
    "id": "nakiryu-kanto-7e9364e4",
    "name": "Nakiryu",
    "city": "Tokyo",
    "category": "food"
  },
  {
    "id": "koffee-mameya-kanto-1d75654f",
    "name": "Koffee Mameya",
    "city": "Tokyo",
    "category": "food"
  },
  {
    "id": "ichiran-shibuya-kanto-c62967be",
    "name": "Ichiran Shibuya",
    "city": "Tokyo",
    "category": "food"
  },
  {
    "id": "fuunji-kanto-df6a446c",
    "name": "Fuunji",
    "city": "Tokyo",
    "category": "food"
  },
  {
    "id": "tonkatsu-maisen-aoyama-honten-kanto-db4d49bf",
    "name": "Tonkatsu Maisen Aoyama Honten",
    "city": "Tokyo",
    "category": "food"
  },
  {
    "id": "kitsuneya-kanto-cb119590",
    "name": "Kitsuneya",
    "city": "Tokyo",
    "category": "food"
  },
  {
    "id": "onigiri-bongo-kanto-6dd4a1e3",
    "name": "Onigiri Bongo",
    "city": "Tokyo",
    "category": "food"
  },
  {
    "id": "nabezo-shibuya-center-gai-kanto-42284154",
    "name": "Nabezo Shibuya Center-Gai",
    "city": "Tokyo",
    "category": "food"
  },
  {
    "id": "afuri-harajuku-kanto-0dbd9029",
    "name": "Afuri Harajuku",
    "city": "Tokyo",
    "category": "food"
  },
  {
    "id": "gonpachi-nishi-azabu-kanto-78c8c00b",
    "name": "Gonpachi Nishi-Azabu",
    "city": "Tokyo",
    "category": "food"
  },
  {
    "id": "ginza-kyubey-main-store-kanto-68dff28b",
    "name": "Ginza Kyubey Main Store",
    "city": "Tokyo",
    "category": "food"
  },
  {
    "id": "sushi-no-midori-shibuya-kanto-319497b5",
    "name": "Sushi no Midori Shibuya",
    "city": "Tokyo",
    "category": "food"
  },
  {
    "id": "rokurinsha-kanto-258bfffc",
    "name": "Rokurinsha",
    "city": "Tokyo",
    "category": "food"
  },
  {
    "id": "tofuya-ukai-kanto-d7fd8bf6",
    "name": "Tofuya Ukai",
    "city": "Tokyo",
    "category": "food"
  },
  {
    "id": "gyukatsu-motomura-shibuya-kanto-8548b673",
    "name": "Gyukatsu Motomura Shibuya",
    "city": "Tokyo",
    "category": "food"
  },
  {
    "id": "kanda-yabu-soba-kanto-10372ba7",
    "name": "Kanda Yabu Soba",
    "city": "Tokyo",
    "category": "food"
  },
  {
    "id": "harajuku-gyozaro-kanto-c394a8ee",
    "name": "Harajuku Gyozaro",
    "city": "Tokyo",
    "category": "food"
  },
  {
    "id": "asakusa-imahan-kanto-95a9e327",
    "name": "Asakusa Imahan",
    "city": "Tokyo",
    "category": "food"
  },
  {
    "id": "kagari-ginza-kanto-aa5f8c23",
    "name": "Kagari Ginza",
    "city": "Tokyo",
    "category": "food"
  },
  {
    "id": "monja-kura-kanto-bc736b51",
    "name": "Monja Kura",
    "city": "Tokyo",
    "category": "food"
  },
  {
    "id": "komagata-dozeu-kanto-5f0430ba",
    "name": "Komagata Dozeu",
    "city": "Tokyo",
    "category": "food"
  },
  {
    "id": "starbucks-reserve-roastery-tokyo-kanto-418fc1e6",
    "name": "Starbucks Reserve Roastery Tokyo",
    "city": "Tokyo",
    "category": "food"
  },
  {
    "id": "kaitenzushi-nemuro-hanamaru-kitte-kanto-6231f09d",
    "name": "Kaitenzushi Nemuro Hanamaru KITTE",
    "city": "Tokyo",
    "category": "food"
  },
  {
    "id": "omoide-yokocho-kanto-2861c135",
    "name": "Omoide Yokocho",
    "city": "Tokyo",
    "category": "food"
  },
  {
    "id": "narisawa-kanto-ab9161b4",
    "name": "Narisawa",
    "city": "Tokyo",
    "category": "food"
  },
  {
    "id": "sometaro-kanto-1e6cd395",
    "name": "Sometaro",
    "city": "Tokyo",
    "category": "food"
  },
  {
    "id": "butagumi-kanto-73ac989f",
    "name": "Butagumi",
    "city": "Tokyo",
    "category": "food"
  },
  {
    "id": "toritama-shirokane-kanto-4f8c2152",
    "name": "Toritama Shirokane",
    "city": "Tokyo",
    "category": "food"
  },
  {
    "id": "tempura-kondo-kanto-57c220ea",
    "name": "Tempura Kondo",
    "city": "Tokyo",
    "category": "food"
  },
  {
    "id": "savoy-azabu-juban-kanto-0736cef8",
    "name": "Savoy Azabu Juban",
    "city": "Tokyo",
    "category": "food"
  },
  {
    "id": "yoroniku-kanto-db278a38",
    "name": "Yoroniku",
    "city": "Tokyo",
    "category": "food"
  },
  {
    "id": "satei-hato-kanto-a5388b46",
    "name": "Satei Hato",
    "city": "Tokyo",
    "category": "food"
  },
  {
    "id": "menya-itto-kanto-f6be396a",
    "name": "Menya Itto",
    "city": "Tokyo",
    "category": "food"
  },
  {
    "id": "ise-sueyoshi-kanto-064803ce",
    "name": "Ise Sueyoshi",
    "city": "Tokyo",
    "category": "food"
  },
  {
    "id": "yanaka-ginza-kanto-174717a7",
    "name": "Yanaka Ginza",
    "city": "Tokyo",
    "category": "food"
  },
  {
    "id": "hakushu-teppanyaki-kanto-3745dd6d",
    "name": "Hakushu Teppanyaki",
    "city": "Tokyo",
    "category": "food"
  },
  {
    "id": "a-happy-pancake-omotesando-kanto-98525143",
    "name": "A Happy Pancake Omotesando",
    "city": "Tokyo",
    "category": "food"
  },
  {
    "id": "chuka-soba-ibuki-kanto-1cafcd42",
    "name": "Chuka Soba Ibuki",
    "city": "Tokyo",
    "category": "food"
  },
  {
    "id": "tapas-molecular-bar-kanto-14da972b",
    "name": "Tapas Molecular Bar",
    "city": "Tokyo",
    "category": "food"
  },
  {
    "id": "sushi-zanmai-tsukiji-kanto-dc7cfe7b",
    "name": "Sushi Zanmai Tsukiji",
    "city": "Tokyo",
    "category": "food"
  },
  {
    "id": "hashino-shokudo-chugoku-f04b98f1",
    "name": "Hashino Shokudo",
    "city": "Tsuyama",
    "category": "food"
  },
  {
    "id": "nuchi-masu-salt-factory-okinawa-aca913cb",
    "name": "Nuchi Masu Salt Factory",
    "city": "Uruma",
    "category": "food"
  },
  {
    "id": "minatto-yawatahama-chanpon-shikoku-e6baec90",
    "name": "Minatto (Yawatahama Chanpon)",
    "city": "Yawatahama (Day trip)",
    "category": "food"
  },
  {
    "id": "vanilla-beans-minato-mirai-kanto-8a552b18",
    "name": "Vanilla Beans Minato Mirai",
    "city": "Yokohama",
    "category": "food"
  },
  {
    "id": "hungry-tiger-yokohama-more-s-kanto-2c0f47ef",
    "name": "Hungry Tiger Yokohama More's",
    "city": "Yokohama",
    "category": "food"
  },
  {
    "id": "yokohama-hammerhead-japan-ramen-food-hall-kanto-7b34ef4d",
    "name": "Yokohama Hammerhead (Japan Ramen Food Hall)",
    "city": "Yokohama",
    "category": "food"
  },
  {
    "id": "uchiki-pan-kanto-89f7af4a",
    "name": "Uchiki Pan",
    "city": "Yokohama",
    "category": "food"
  },
  {
    "id": "pie-holic-kanto-d246ecd9",
    "name": "Pie Holic",
    "city": "Yokohama",
    "category": "food"
  },
  {
    "id": "noge-tabemono-yokocho-kanto-46f80c96",
    "name": "Noge Tabemono Yokocho",
    "city": "Yokohama",
    "category": "food"
  },
  {
    "id": "shin-yokohama-ramen-museum-kanto-35feda81",
    "name": "Shin-Yokohama Ramen Museum",
    "city": "Yokohama",
    "category": "food"
  },
  {
    "id": "italian-garden-kanto-5856bcb5",
    "name": "Italian Garden",
    "city": "Yokohama",
    "category": "food"
  },
  {
    "id": "chano-ma-yokohama-kanto-c4ada0c4",
    "name": "Chano-ma Yokohama",
    "city": "Yokohama",
    "category": "food"
  },
  {
    "id": "mawashizushi-katsu-yokohama-sky-building-kanto-44cb308f",
    "name": "Mawashizushi Katsu Yokohama Sky Building",
    "city": "Yokohama",
    "category": "food"
  },
  {
    "id": "bills-yokohama-red-brick-warehouse-kanto-bbaeba0d",
    "name": "Bills Yokohama Red Brick Warehouse",
    "city": "Yokohama",
    "category": "food"
  },
  {
    "id": "sizzler-landmark-plaza-kanto-cfc14eef",
    "name": "Sizzler Landmark Plaza",
    "city": "Yokohama",
    "category": "food"
  },
  {
    "id": "kirin-beer-factory-yokohama-kanto-97e31652",
    "name": "Kirin Beer Factory Yokohama",
    "city": "Yokohama",
    "category": "food"
  },
  {
    "id": "kiyoken-honten-kanto-1f343c0e",
    "name": "Kiyoken Honten",
    "city": "Yokohama",
    "category": "food"
  },
  {
    "id": "tamagoya-kanto-18709958",
    "name": "Tamagoya",
    "city": "Yokohama",
    "category": "food"
  },
  {
    "id": "xie-xie-kanto-63b2903d",
    "name": "Xie Xie",
    "city": "Yokohama",
    "category": "food"
  },
  {
    "id": "heichinrou-yokohama-currently-closed-renovating-replacing-with-manchinro-as-primary-added-saiko-kanto-c5a54c82",
    "name": "Heichinrou Yokohama (Currently Closed/Renovating - replacing with Manchinro as primary, added Saiko)",
    "city": "Yokohama",
    "category": "food"
  },
  {
    "id": "center-grill-kanto-0102a1b8",
    "name": "Center Grill",
    "city": "Yokohama",
    "category": "food"
  },
  {
    "id": "ramen-jiro-yokohama-kannai-kanto-8d288100",
    "name": "Ramen Jiro Yokohama Kannai",
    "city": "Yokohama",
    "category": "food"
  },
  {
    "id": "dohatsu-main-store-kanto-4b1c137b",
    "name": "Dohatsu Main Store",
    "city": "Yokohama",
    "category": "food"
  },
  {
    "id": "saiko-shinkan-kanto-f413e688",
    "name": "Saiko Shinkan",
    "city": "Yokohama",
    "category": "food"
  },
  {
    "id": "scandia-kanto-31dafeb3",
    "name": "Scandia",
    "city": "Yokohama",
    "category": "food"
  },
  {
    "id": "alte-liebe-yokohama-kanto-8538b797",
    "name": "Alte Liebe Yokohama",
    "city": "Yokohama",
    "category": "food"
  },
  {
    "id": "uni-coffee-roastery-red-brick-kanto-f025baf5",
    "name": "Uni Coffee Roastery Red Brick",
    "city": "Yokohama",
    "category": "food"
  },
  {
    "id": "kadohei-kanto-ae16f364",
    "name": "Kadohei",
    "city": "Yokohama",
    "category": "food"
  },
  {
    "id": "motomachi-mutekiro-kanto-73e0a337",
    "name": "Motomachi Mutekiro",
    "city": "Yokohama",
    "category": "food"
  },
  {
    "id": "shofukumon-kanto-1c685fe6",
    "name": "Shofukumon",
    "city": "Yokohama",
    "category": "food"
  },
  {
    "id": "wangfujing-kanto-570f5a51",
    "name": "Wangfujing",
    "city": "Yokohama",
    "category": "food"
  },
  {
    "id": "baikou-kanto-d00ec2f0",
    "name": "Baikou",
    "city": "Yokohama",
    "category": "food"
  },
  {
    "id": "mizunobu-fruit-parlor-kanto-3a059344",
    "name": "Mizunobu Fruit Parlor",
    "city": "Yokohama",
    "category": "food"
  },
  {
    "id": "noge-suehiro-kanto-50f1bd4c",
    "name": "Noge Suehiro",
    "city": "Yokohama",
    "category": "food"
  },
  {
    "id": "hof-brau-kanto-e25a2c8b",
    "name": "Hof Brau",
    "city": "Yokohama",
    "category": "food"
  },
  {
    "id": "janomeya-kanto-0da4b2d7",
    "name": "Janomeya",
    "city": "Yokohama",
    "category": "food"
  },
  {
    "id": "enoki-tei-kanto-0738b3eb",
    "name": "Enoki-tei",
    "city": "Yokohama",
    "category": "food"
  },
  {
    "id": "sankoen-kanto-a3c067c5",
    "name": "Sankoen",
    "city": "Yokohama",
    "category": "food"
  },
  {
    "id": "gyokusentei-kanto-0c4ea94e",
    "name": "Gyokusentei",
    "city": "Yokohama",
    "category": "food"
  },
  {
    "id": "kuriyama-kanto-e8fa629c",
    "name": "Kuriyama",
    "city": "Yokohama",
    "category": "food"
  },
  {
    "id": "katsuretsu-an-bashamichi-kanto-c1d733ef",
    "name": "Katsuretsu-an Bashamichi",
    "city": "Yokohama",
    "category": "food"
  },
  {
    "id": "yokohama-chinatown-chukagai-kanto-7955eafb",
    "name": "Yokohama Chinatown (Chukagai)",
    "city": "Yokohama",
    "category": "food"
  },
  {
    "id": "yoshimuraya-kanto-7459a437",
    "name": "Yoshimuraya",
    "city": "Yokohama",
    "category": "food"
  },
  {
    "id": "manchinro-honten-kanto-1beb1036",
    "name": "Manchinro Honten",
    "city": "Yokohama",
    "category": "food"
  },
  {
    "id": "edosei-honten-kanto-3bce1344",
    "name": "Edosei Honten",
    "city": "Yokohama",
    "category": "food"
  },
  {
    "id": "hotel-new-grand-the-cafe-kanto-a963a210",
    "name": "Hotel New Grand The Cafe",
    "city": "Yokohama",
    "category": "food"
  },
  {
    "id": "houtenkaku-kanto-c791644a",
    "name": "Houtenkaku",
    "city": "Yokohama",
    "category": "food"
  },
  {
    "id": "cup-noodles-museum-yokohama-kanto-9fc2d159",
    "name": "Cup Noodles Museum Yokohama",
    "city": "Yokohama",
    "category": "food"
  },
  {
    "id": "jukei-hanten-shinkan-kanto-f37a8ec9",
    "name": "Jukei Hanten Shinkan",
    "city": "Yokohama",
    "category": "food"
  },
  {
    "id": "gyunabe-araiya-kanto-e78ee52a",
    "name": "Gyunabe Araiya",
    "city": "Yokohama",
    "category": "food"
  }
]
