[
  {
    "id": "chin-jukan-kiln-kyushu-2e059c68",
    "name": "Chin Jukan Kiln",
    "city": "Fukuoka",
    "category": "restaurant"
  },
  {
    "id": "river-fisherman-guide-a-boat-tour-down-the-nagara-rive-chubu-54723de4",
    "name": "Gifu City Cormorant Fishing Observation Boat Office",
    "city": "Gifu",
    "category": "food"
  },
  {
    "id": "kamebishiya-co-ltd-a-long-established-soy-sauce-brewery-shikoku-e6ab1e64",
    "name": "Kamebishiya",
    "city": "Higashikagawa",
    "category": "food"
  },
  {
    "id": "enjoy-kurawanka-gozen-a-local-specialty-from-the-post-town-of-hirakata-along-with-the-traditional-sweet-kurawanka-mochi-kansai-d1e52be8",
    "name": "KURAWANKA",
    "city": "Hirakata",
    "category": "food"
  },
  {
    "id": "okosta-okonomiyaki-making-workshop-chugoku-e11b58d2",
    "name": "Okonomiyaki Workshop-Studio OKOSTA",
    "city": "Hiroshima",
    "category": "food"
  },
  {
    "id": "make-your-own-momiji-manju-chugoku-be8a9581",
    "name": "Momiji Sandwich & Lemonade",
    "city": "Hiroshima",
    "category": "restaurant"
  },
  {
    "id": "yamaoka-pizza-kansai-f71c648c",
    "name": "Yamaoka Pizza",
    "city": "Ikoma",
    "category": "food"
  },
  {
    "id": "rest-stop-roadside-station-yoshiumi-iki-iki-kan-shikoku-9a1a0f03",
    "name": "Roadside Station Yoshiumi Iki-iki-kan",
    "city": "Imabari",
    "category": "food"
  },
  {
    "id": "chuka-soba-shukaen-chugoku-3889b59d",
    "name": "Chuka Soba Shukaen",
    "city": "Kasaoka",
    "category": "food"
  },
  {
    "id": "pizzeria-e-trattoria-magazzino-kansai-f2169b0f",
    "name": "Pizzeria e Trattoria Magazzino",
    "city": "Kashiba",
    "category": "food"
  },
  {
    "id": "kirin-brewery-kansai-2a68d082",
    "name": "Kirin Brewery",
    "city": "Kobe",
    "category": "food"
  },
  {
    "id": "ryori-ryokan-tsurugata-chugoku-78e12351",
    "name": "Ryori Ryokan Tsurugata",
    "city": "Kurashiki",
    "category": "food"
  },
  {
    "id": "bukkake-udon-furuichi-nakamise-chugoku-aa7561be",
    "name": "Bukkake Udon Furuichi Nakamise",
    "city": "Kurashiki",
    "category": "food"
  },
  {
    "id": "otesho-chugoku-573e00fd",
    "name": "Otesho",
    "city": "Kurashiki",
    "category": "food"
  },
  {
    "id": "kurashiki-momoko-honten-chugoku-38bd35e4",
    "name": "Kurashiki Momoko Honten",
    "city": "Kurashiki",
    "category": "food"
  },
  {
    "id": "kamada-chugoku-13c27c17",
    "name": "Kamada",
    "city": "Kurashiki",
    "category": "food"
  },
  {
    "id": "kiyutei-chugoku-01655487",
    "name": "Kiyutei",
    "city": "Kurashiki",
    "category": "food"
  },
  {
    "id": "cafe-muscat-chugoku-7018ad2f",
    "name": "Cafe Muscat",
    "city": "Kurashiki",
    "category": "food"
  },
  {
    "id": "fukuzushi-chugoku-b7ee20b7",
    "name": "Fukuzushi",
    "city": "Kurashiki",
    "category": "food"
  },
  {
    "id": "make-barazushi-a-dish-local-to-the-tango-area-kansai-9ebb5d58",
    "name": "SUSHI WORKSHOP OSAKI",
    "city": "Kyoto",
    "category": "food"
  },
  {
    "id": "hiruzen-yakisoba-masuya-chugoku-14bfcffd",
    "name": "Hiruzen Yakisoba Masuya",
    "city": "Maniwa",
    "category": "food"
  },
  {
    "id": "kitokuras-cafe-shikoku-bc16f766",
    "name": "Kitokuras Cafe",
    "city": "Marugame (Near Takamatsu)",
    "category": "food"
  },
  {
    "id": "shokudo-kamecchi-chugoku-0d5a1b1a",
    "name": "Shokudo Kamecchi",
    "city": "Misaki",
    "category": "food"
  },
  {
    "id": "hamando-shikoku-00cb412a",
    "name": "Hamando",
    "city": "Mitoyo (Near Takamatsu)",
    "category": "food"
  },
  {
    "id": "shokudo-haretoke-shikoku-b4aebe81",
    "name": "Shokudo Haretoke",
    "city": "Miyoshi (Iya Valley)",
    "category": "food"
  },
  {
    "id": "iya-onsen-hotel-restaurant-shikoku-f30aaff1",
    "name": "Iya Onsen Hotel Restaurant",
    "city": "Miyoshi (Iya Valley)",
    "category": "food"
  },
  {
    "id": "soba-dokoro-hashikura-shikoku-aa5957b2",
    "name": "Soba-dokoro Hashikura",
    "city": "Miyoshi (Iya Valley)",
    "category": "food"
  },
  {
    "id": "mt-akakura-chubu-f69ee52c",
    "name": "Mt. Akakura",
    "city": "Myoko",
    "category": "restaurant"
  },
  {
    "id": "canoeing-kayaking-water-skiing-rock-climbing-chubu-90403e1a",
    "name": "SHIGAKOGEN MOUNTAIN DISCOVERY",
    "city": "Nagano",
    "category": "restaurant"
  },
  {
    "id": "yamazaki-chubu-1ff1b290",
    "name": "Yamazaki",
    "city": "Nagoya",
    "category": "food"
  },
  {
    "id": "kurtos-kalacs-okinawa-a8530638",
    "name": "Kurtos Kalacs",
    "city": "Naha",
    "category": "food"
  },
  {
    "id": "daikokuya-genghis-khan-okinawa-a91aeaad",
    "name": "Daikokuya Genghis Khan",
    "city": "Naha",
    "category": "food"
  },
  {
    "id": "tsubame-shokudo-okinawa-4f8a4594",
    "name": "Tsubame Shokudo",
    "city": "Naha",
    "category": "food"
  },
  {
    "id": "fuji-ya-okinawa-ca0bce36",
    "name": "Fuji-ya",
    "city": "Naha",
    "category": "food"
  },
  {
    "id": "miso-meshiya-marutama-okinawa-649f657f",
    "name": "Miso Meshiya Marutama",
    "city": "Naha",
    "category": "food"
  },
  {
    "id": "yappari-steak-3rd-okinawa-46068a00",
    "name": "Yappari Steak 3rd",
    "city": "Naha",
    "category": "food"
  },
  {
    "id": "ryukyu-sabo-ashibiuna-okinawa-8577d176",
    "name": "Ryukyu Sabo Ashibiuna",
    "city": "Naha",
    "category": "food"
  },
  {
    "id": "jambo-steak-hans-okinawa-1e188f76",
    "name": "Jambo Steak Hans",
    "city": "Naha",
    "category": "food"
  },
  {
    "id": "a-w-naha-kanagusuku-okinawa-b95264f9",
    "name": "A&W Naha Kanagusuku",
    "city": "Naha",
    "category": "food"
  },
  {
    "id": "tacos-ya-kokusai-dori-okinawa-e66ec808",
    "name": "Tacos-ya Kokusai-dori",
    "city": "Naha",
    "category": "food"
  },
  {
    "id": "sam-s-sailor-inn-okinawa-6fb1060c",
    "name": "Sam's Sailor Inn",
    "city": "Naha",
    "category": "food"
  },
  {
    "id": "boroboro-okinawa-ef3b697c",
    "name": "Boroboro",
    "city": "Naha",
    "category": "food"
  },
  {
    "id": "urizun-okinawa-e65990a9",
    "name": "Urizun",
    "city": "Naha",
    "category": "food"
  },
  {
    "id": "koyaji-okinawa-4e8358b1",
    "name": "Koyaji",
    "city": "Naha",
    "category": "food"
  },
  {
    "id": "c-c-breakfast-okinawa-okinawa-2980d690",
    "name": "C&C Breakfast Okinawa",
    "city": "Naha",
    "category": "food"
  },
  {
    "id": "ten-to-ten-okinawa-4876c9e0",
    "name": "Ten to Ten",
    "city": "Naha",
    "category": "food"
  },
  {
    "id": "maguro-mart-okinawa-8459be20",
    "name": "Maguro Mart",
    "city": "Naha",
    "category": "food"
  },
  {
    "id": "yakiniku-motobu-bokujo-naha-okinawa-47def50f",
    "name": "Yakiniku Motobu Bokujo Naha",
    "city": "Naha",
    "category": "food"
  },
  {
    "id": "shimauta-live-juri-okinawa-0c2e506f",
    "name": "Shimauta Live Juri",
    "city": "Naha",
    "category": "food"
  },
  {
    "id": "benryya-okinawa-6b604b29",
    "name": "Benryya",
    "city": "Naha",
    "category": "food"
  },
  {
    "id": "oden-toudai-okinawa-8cbccc32",
    "name": "Oden Toudai",
    "city": "Naha",
    "category": "food"
  },
  {
    "id": "ball-donut-park-okinawa-d21e2049",
    "name": "Ball Donut Park",
    "city": "Naha",
    "category": "food"
  },
  {
    "id": "fontana-gelato-okinawa-a7948d70",
    "name": "Fontana Gelato",
    "city": "Naha",
    "category": "food"
  },
  {
    "id": "ryukyu-ryori-mie-okinawa-2ded2c63",
    "name": "Ryukyu Ryori Mie",
    "city": "Naha",
    "category": "food"
  },
  {
    "id": "uchina-chaya-buku-buku-okinawa-5e582727",
    "name": "Uchina Chaya Buku-Buku",
    "city": "Naha",
    "category": "food"
  },
  {
    "id": "takara-shokudo-okinawa-c4677d0a",
    "name": "Takara Shokudo",
    "city": "Naha",
    "category": "food"
  },
  {
    "id": "kame-kame-soba-okinawa-e5518b04",
    "name": "Kame Kame Soba",
    "city": "Naha",
    "category": "food"
  },
  {
    "id": "george-restaurant-okinawa-bd35ed12",
    "name": "George Restaurant",
    "city": "Naha",
    "category": "food"
  },
  {
    "id": "piparchi-kitchen-okinawa-87891e95",
    "name": "Piparchi Kitchen",
    "city": "Naha",
    "category": "food"
  },
  {
    "id": "jef-sunrise-naha-okinawa-173d69a8",
    "name": "Jef Sunrise Naha",
    "city": "Naha",
    "category": "food"
  },
  {
    "id": "mahoroba-okinawa-fdcb7958",
    "name": "Mahoroba",
    "city": "Naha",
    "category": "food"
  },
  {
    "id": "daito-soba-okinawa-81129ebe",
    "name": "Daito Soba",
    "city": "Naha",
    "category": "food"
  },
  {
    "id": "toribori-okinawa-d5f92ed0",
    "name": "Toribori",
    "city": "Naha",
    "category": "food"
  },
  {
    "id": "lucky-tacos-okinawa-f148f69e",
    "name": "Lucky Tacos",
    "city": "Naha",
    "category": "food"
  },
  {
    "id": "maguro-koya-kansai-bf9d7b94",
    "name": "Maguro Koya",
    "city": "Nara",
    "category": "food"
  },
  {
    "id": "terakawa-kansai-ce3caf0c",
    "name": "Terakawa",
    "city": "Nara",
    "category": "food"
  },
  {
    "id": "sobadokoro-kitahara-kansai-054e1c49",
    "name": "Sobadokoro Kitahara",
    "city": "Nara",
    "category": "food"
  },
  {
    "id": "kasuga-ninai-jaya-kansai-5cf63ae8",
    "name": "Kasuga Ninai Jaya",
    "city": "Nara",
    "category": "food"
  },
  {
    "id": "akordu-kansai-5f9cff1d",
    "name": "Akordu",
    "city": "Nara",
    "category": "food"
  },
  {
    "id": "la-trace-kansai-3469f5a8",
    "name": "La Trace",
    "city": "Nara",
    "category": "food"
  },
  {
    "id": "kameya-kansai-f11db2d0",
    "name": "Kameya",
    "city": "Nara",
    "category": "food"
  },
  {
    "id": "mahoroba-daibutsu-pudding-kansai-799ce4b7",
    "name": "Mahoroba Daibutsu Pudding",
    "city": "Nara",
    "category": "food"
  },
  {
    "id": "karamell-kansai-53244096",
    "name": "Karamell",
    "city": "Nara",
    "category": "food"
  },
  {
    "id": "cafe-zucca-kansai-8fae3aa9",
    "name": "Cafe Zucca",
    "city": "Nara",
    "category": "food"
  },
  {
    "id": "mellow-cafe-kansai-68c0a770",
    "name": "Mellow Cafe",
    "city": "Nara",
    "category": "food"
  },
  {
    "id": "harishin-kansai-78ed567c",
    "name": "Harishin",
    "city": "Nara",
    "category": "food"
  },
  {
    "id": "makanai-kitchen-kura-kansai-a8c6deef",
    "name": "Makanai Kitchen Kura",
    "city": "Nara",
    "category": "food"
  },
  {
    "id": "surugamachi-no-okonomiyakiya-kansai-3fa17d83",
    "name": "Surugamachi no Okonomiyakiya",
    "city": "Nara",
    "category": "food"
  },
  {
    "id": "toi-inshokuten-kansai-b66ceddb",
    "name": "Toi Inshokuten",
    "city": "Nara",
    "category": "food"
  },
  {
    "id": "wakasa-curry-honpo-kansai-f08afa1f",
    "name": "Wakasa Curry Honpo",
    "city": "Nara",
    "category": "food"
  },
  {
    "id": "tsukemen-mushin-kansai-f3fc367e",
    "name": "Tsukemen Mushin",
    "city": "Nara",
    "category": "food"
  },
  {
    "id": "menya-ryu-kansai-18aaa1b5",
    "name": "Menya Ryu",
    "city": "Nara",
    "category": "food"
  },
  {
    "id": "minami-shokudo-kansai-7f812be7",
    "name": "Minami Shokudo",
    "city": "Nara",
    "category": "food"
  },
  {
    "id": "kakinoha-sushi-honpo-tanaka-nara-station-kansai-b0fe2d48",
    "name": "Kakinoha Sushi Honpo Tanaka Nara Station",
    "city": "Nara",
    "category": "food"
  },
  {
    "id": "kashiya-kansai-514136f2",
    "name": "Kashiya",
    "city": "Nara",
    "category": "food"
  },
  {
    "id": "tou-no-chaya-kansai-b0200e60",
    "name": "Tou no Chaya",
    "city": "Nara",
    "category": "food"
  },
  {
    "id": "kana-kana-kansai-a63e4d66",
    "name": "Kana Kana",
    "city": "Nara",
    "category": "food"
  },
  {
    "id": "sakura-burger-kansai-bb282e63",
    "name": "Sakura Burger",
    "city": "Nara",
    "category": "food"
  },
  {
    "id": "nino-kansai-75437c77",
    "name": "Nino",
    "city": "Nara",
    "category": "food"
  },
  {
    "id": "mizutani-chaya-kansai-2caeaf79",
    "name": "Mizutani Chaya",
    "city": "Nara",
    "category": "food"
  },
  {
    "id": "unagino-toyokawa-kansai-9ef6ca71",
    "name": "Unagino Toyokawa",
    "city": "Nara",
    "category": "food"
  },
  {
    "id": "edogawa-naramachi-kansai-3f57ef02",
    "name": "Edogawa Naramachi",
    "city": "Nara",
    "category": "food"
  },
  {
    "id": "kura-kansai-d8a3ddc2",
    "name": "Kura",
    "city": "Nara",
    "category": "food"
  },
  {
    "id": "miyake-kyukonoiketei-kansai-094c8e74",
    "name": "Miyake Kyukonoiketei",
    "city": "Nara",
    "category": "food"
  },
  {
    "id": "rokumei-coffee-kansai-dfd85b7b",
    "name": "Rokumei Coffee",
    "city": "Nara",
    "category": "food"
  },
  {
    "id": "housekibako-kansai-4603de56",
    "name": "Housekibako",
    "city": "Nara",
    "category": "food"
  },
  {
    "id": "izasa-todaiji-kansai-a0f64601",
    "name": "Izasa Todaiji",
    "city": "Nara",
    "category": "food"
  },
  {
    "id": "kakinoha-sushi-hiraso-kansai-e216e954",
    "name": "Kakinoha Sushi Hiraso",
    "city": "Nara",
    "category": "food"
  },
  {
    "id": "nakatanidou-kansai-a33ca170",
    "name": "Nakatanidou",
    "city": "Nara",
    "category": "food"
  },
  {
    "id": "tsukihitei-kansai-23ef7336",
    "name": "Tsukihitei",
    "city": "Nara",
    "category": "food"
  },
  {
    "id": "awa-naramachi-kansai-577a54da",
    "name": "Awa Naramachi",
    "city": "Nara",
    "category": "food"
  },
  {
    "id": "kikusuiro-kansai-a07c1529",
    "name": "Kikusuiro",
    "city": "Nara",
    "category": "food"
  },
  {
    "id": "wa-yamamura-kansai-614d2efc",
    "name": "Wa Yamamura",
    "city": "Nara",
    "category": "food"
  },
  {
    "id": "men-touan-kansai-6f4300b9",
    "name": "Men Touan",
    "city": "Nara",
    "category": "food"
  },
  {
    "id": "kamaiki-kansai-d1f3fec4",
    "name": "Kamaiki",
    "city": "Nara",
    "category": "food"
  },
  {
    "id": "yamatuan-kansai-ebf309df",
    "name": "Yamatuan",
    "city": "Nara",
    "category": "food"
  },
  {
    "id": "ramen-mitsuba-kansai-b2ae0f8d",
    "name": "Ramen Mitsuba",
    "city": "Nara",
    "category": "food"
  },
  {
    "id": "menya-noroma-kansai-76a17870",
    "name": "Menya Noroma",
    "city": "Nara",
    "category": "food"
  },
  {
    "id": "kamameshi-shizuka-kouen-ten-kansai-93f7e24e",
    "name": "Kamameshi Shizuka Kouen-ten",
    "city": "Nara",
    "category": "food"
  },
  {
    "id": "uotaisyo-shikoku-4d846627",
    "name": "Uotaisyo",
    "city": "Naruto",
    "category": "food"
  },
  {
    "id": "resort-hotel-moana-coast-fishbone-shikoku-192c9180",
    "name": "Resort Hotel Moana Coast (Fishbone)",
    "city": "Naruto",
    "category": "food"
  },
  {
    "id": "binbi-ya-shikoku-ca00e336",
    "name": "Binbi-ya",
    "city": "Naruto",
    "category": "food"
  },
  {
    "id": "california-table-shikoku-186ea8c0",
    "name": "California Table",
    "city": "Naruto",
    "category": "food"
  },
  {
    "id": "naruto-udon-shikoku-f787450e",
    "name": "Naruto Udon",
    "city": "Naruto",
    "category": "food"
  },
  {
    "id": "french-monster-shikoku-b74b4680",
    "name": "French Monster",
    "city": "Naruto",
    "category": "food"
  },
  {
    "id": "sakana-daisho-shikoku-da6e8cd8",
    "name": "Sakana Daisho",
    "city": "Naruto",
    "category": "food"
  },
  {
    "id": "niigata-senbei-chubu-d15d0ac7",
    "name": "Niigata Senbei",
    "city": "Niigata",
    "category": "food"
  },
  {
    "id": "kitchen-hoiso-chugoku-f88fed06",
    "name": "Kitchen Hoiso",
    "city": "Okayama",
    "category": "food"
  },
  {
    "id": "suwaki-korakuchuka-chugoku-913fd4e1",
    "name": "Suwaki Korakuchuka",
    "city": "Okayama",
    "category": "food"
  },
  {
    "id": "oyo-udon-chugoku-45ccb4b7",
    "name": "Oyo Udon",
    "city": "Okayama",
    "category": "food"
  },
  {
    "id": "okayama-coffee-kan-chugoku-225ac464",
    "name": "Okayama Coffee Kan",
    "city": "Okayama",
    "category": "food"
  },
  {
    "id": "parlor-kudamono-komachi-chugoku-d9aeeee4",
    "name": "Parlor Kudamono Komachi",
    "city": "Okayama",
    "category": "food"
  },
  {
    "id": "little-okayama-chugoku-2a4f95c6",
    "name": "Little Okayama",
    "city": "Okayama",
    "category": "food"
  },
  {
    "id": "grill-bizen-chugoku-5746e8a6",
    "name": "Grill Bizen",
    "city": "Okayama",
    "category": "food"
  },
  {
    "id": "koeido-honten-chugoku-ebcc2fd9",
    "name": "Koeido Honten",
    "city": "Okayama",
    "category": "food"
  },
  {
    "id": "doppo-kan-chugoku-ce62b701",
    "name": "Doppo-kan",
    "city": "Okayama",
    "category": "food"
  },
  {
    "id": "yamamotoshoten-chugoku-fcc0f1fe",
    "name": "Yamamotoshoten",
    "city": "Okayama",
    "category": "food"
  },
  {
    "id": "chuka-soba-fujiya-chugoku-7f396105",
    "name": "Chuka Soba Fujiya",
    "city": "Okayama",
    "category": "food"
  },
  {
    "id": "ramen-honten-chugoku-ad5db486",
    "name": "Ramen Honten",
    "city": "Okayama",
    "category": "food"
  },
  {
    "id": "kibizen-chugoku-a1b6b6e0",
    "name": "Kibizen",
    "city": "Okayama",
    "category": "food"
  },
  {
    "id": "aoibado-chugoku-ff60ff3a",
    "name": "Aoibado",
    "city": "Okayama",
    "category": "food"
  },
  {
    "id": "tsubogugawa-chugoku-6fee9181",
    "name": "Tsubogugawa",
    "city": "Okayama",
    "category": "food"
  },
  {
    "id": "ajitsukasa-nomura-chugoku-1f45e23e",
    "name": "Ajitsukasa Nomura",
    "city": "Okayama",
    "category": "food"
  },
  {
    "id": "shokudo-yamato-chugoku-d09bdace",
    "name": "Shokudo Yamato",
    "city": "Okayama",
    "category": "food"
  },
  {
    "id": "sakaezushi-chugoku-0f6418bd",
    "name": "Sakaezushi",
    "city": "Okayama",
    "category": "food"
  },
  {
    "id": "azumazushi-chugoku-85650b05",
    "name": "Azumazushi",
    "city": "Okayama",
    "category": "food"
  },
  {
    "id": "yakage-summer-festival-is-famous-for-lanterns-and-dance-chugoku-47451f8e",
    "name": "Yakage machiya koryukan",
    "city": "Okayama",
    "category": "restaurant"
  },
  {
    "id": "fruit-parlor-okado-chugoku-127d18b1",
    "name": "Fruit Parlor Okado",
    "city": "Okayama",
    "category": "food"
  },
  {
    "id": "tenjin-soba-chugoku-1d6a1775",
    "name": "Tenjin Soba",
    "city": "Okayama",
    "category": "food"
  },
  {
    "id": "kidoairaku-chugoku-46b4058c",
    "name": "Kidoairaku",
    "city": "Okayama",
    "category": "food"
  },
  {
    "id": "toriginu-honten-chugoku-476be203",
    "name": "Toriginu Honten",
    "city": "Okayama",
    "category": "food"
  },
  {
    "id": "kabe-chugoku-e17532c6",
    "name": "Kabe",
    "city": "Okayama",
    "category": "food"
  },
  {
    "id": "ichiba-fuku-chugoku-6be6df4f",
    "name": "Ichiba Fuku",
    "city": "Okayama",
    "category": "food"
  },
  {
    "id": "menya-gakucho-chugoku-0c791949",
    "name": "Menya Gakucho",
    "city": "Okayama",
    "category": "food"
  },
  {
    "id": "date-soba-chugoku-4b41eb6a",
    "name": "Date Soba",
    "city": "Okayama",
    "category": "food"
  },
  {
    "id": "kamukura-ramen-dotonbori-kansai-3a5644c4",
    "name": "Kamukura Ramen Dotonbori",
    "city": "Osaka",
    "category": "food"
  },
  {
    "id": "takoyaki-kukuru-dotonbori-kansai-5546a056",
    "name": "Takoyaki Kukuru Dotonbori",
    "city": "Osaka",
    "category": "food"
  },
  {
    "id": "kogaryu-takoyaki-kansai-35ad0072",
    "name": "Kogaryu Takoyaki",
    "city": "Osaka",
    "category": "food"
  },
  {
    "id": "hanadako-kansai-7406afb6",
    "name": "Hanadako",
    "city": "Osaka",
    "category": "food"
  },
  {
    "id": "abeno-takoyaki-yamachan-kansai-fa6c08e0",
    "name": "Abeno Takoyaki Yamachan",
    "city": "Osaka",
    "category": "food"
  },
  {
    "id": "aizuya-namba-kansai-d3b6e515",
    "name": "Aizuya Namba",
    "city": "Osaka",
    "category": "food"
  },
  {
    "id": "takoyaki-juhachiban-kansai-11d4b9b2",
    "name": "Takoyaki Juhachiban",
    "city": "Osaka",
    "category": "food"
  },
  {
    "id": "kushikatsu-daruma-shinsekai-kansai-a4e5629e",
    "name": "Kushikatsu Daruma Shinsekai",
    "city": "Osaka",
    "category": "food"
  },
  {
    "id": "yaekatsu-kansai-ab1bda94",
    "name": "Yaekatsu",
    "city": "Osaka",
    "category": "food"
  },
  {
    "id": "tengu-kansai-8a37c83a",
    "name": "Tengu",
    "city": "Osaka",
    "category": "food"
  },
  {
    "id": "kushikatsu-shichifukujin-kansai-c7c1b7ba",
    "name": "Kushikatsu Shichifukujin",
    "city": "Osaka",
    "category": "food"
  },
  {
    "id": "kinryu-ramen-kansai-e0eaa498",
    "name": "Kinryu Ramen",
    "city": "Osaka",
    "category": "food"
  },
  {
    "id": "jinrui-minna-menrui-kansai-670c1958",
    "name": "Jinrui Minna Menrui",
    "city": "Osaka",
    "category": "food"
  },
  {
    "id": "moeyo-mensuke-kansai-1b85c84b",
    "name": "Moeyo Mensuke",
    "city": "Osaka",
    "category": "food"
  },
  {
    "id": "ramen-yashichi-kansai-6f8d1853",
    "name": "Ramen Yashichi",
    "city": "Osaka",
    "category": "food"
  },
  {
    "id": "hanamaruken-ramen-kansai-44737cb0",
    "name": "Hanamaruken Ramen",
    "city": "Osaka",
    "category": "food"
  },
  {
    "id": "zundo-ya-shinsaibashi-kansai-75544656",
    "name": "Zundo-ya Shinsaibashi",
    "city": "Osaka",
    "category": "food"
  },
  {
    "id": "endo-sushi-central-market-kansai-199afbfb",
    "name": "Endo Sushi Central Market",
    "city": "Osaka",
    "category": "food"
  },
  {
    "id": "harukoma-sushi-kansai-6f34c697",
    "name": "Harukoma Sushi",
    "city": "Osaka",
    "category": "food"
  },
  {
    "id": "genrokuzushi-dotonbori-kansai-46063ba8",
    "name": "Genrokuzushi Dotonbori",
    "city": "Osaka",
    "category": "food"
  },
  {
    "id": "daiki-suisan-dotonbori-kansai-763bc676",
    "name": "Daiki Suisan Dotonbori",
    "city": "Osaka",
    "category": "food"
  },
  {
    "id": "kamenozushi-main-store-kansai-636540d0",
    "name": "Kamenozushi Main Store",
    "city": "Osaka",
    "category": "food"
  },
  {
    "id": "usamitei-matsubaya-kansai-c18fc4bb",
    "name": "Usamitei Matsubaya",
    "city": "Osaka",
    "category": "food"
  },
  {
    "id": "tsurutontan-soemoncho-kansai-fe1a2417",
    "name": "Tsurutontan Soemoncho",
    "city": "Osaka",
    "category": "food"
  },
  {
    "id": "dotonbori-imai-kansai-9e52fe32",
    "name": "Dotonbori Imai",
    "city": "Osaka",
    "category": "food"
  },
  {
    "id": "matsusakagyu-yakiniku-m-hozenji-yokocho-kansai-ff60f06c",
    "name": "Matsusakagyu Yakiniku M Hozenji Yokocho",
    "city": "Osaka",
    "category": "food"
  },
  {
    "id": "yakiniku-sora-tsuruhashi-kansai-ec5d82f3",
    "name": "Yakiniku Sora Tsuruhashi",
    "city": "Osaka",
    "category": "food"
  },
  {
    "id": "kitamura-kansai-d38031ab",
    "name": "Kitamura",
    "city": "Osaka",
    "category": "food"
  },
  {
    "id": "hariju-dotonbori-kansai-e85a5517",
    "name": "Hariju Dotonbori",
    "city": "Osaka",
    "category": "food"
  },
  {
    "id": "hokkyokusei-shinsaibashi-kansai-fa472036",
    "name": "Hokkyokusei Shinsaibashi",
    "city": "Osaka",
    "category": "food"
  },
  {
    "id": "jiyuken-namba-kansai-f2802f01",
    "name": "Jiyuken Namba",
    "city": "Osaka",
    "category": "food"
  },
  {
    "id": "551-horai-honten-kansai-61690631",
    "name": "551 Horai Honten",
    "city": "Osaka",
    "category": "food"
  },
  {
    "id": "rikuro-ojisan-namba-kansai-a372ec18",
    "name": "Rikuro Ojisan Namba",
    "city": "Osaka",
    "category": "food"
  },
  {
    "id": "kani-douraku-dotonbori-kansai-1c24256c",
    "name": "Kani Douraku Dotonbori",
    "city": "Osaka",
    "category": "food"
  },
  {
    "id": "kuromon-ichiba-market-kansai-2e479f79",
    "name": "Kuromon Ichiba Market",
    "city": "Osaka",
    "category": "food"
  },
  {
    "id": "maguroya-kurogin-kansai-018abe57",
    "name": "Maguroya Kurogin",
    "city": "Osaka",
    "category": "food"
  },
  {
    "id": "wad-omotenashi-cafe-kansai-981d5758",
    "name": "Wad Omotenashi Cafe",
    "city": "Osaka",
    "category": "food"
  },
  {
    "id": "lilo-coffee-roasters-kansai-91f3baed",
    "name": "Lilo Coffee Roasters",
    "city": "Osaka",
    "category": "food"
  },
  {
    "id": "fujiya-1935-kansai-5987789d",
    "name": "Fujiya 1935",
    "city": "Osaka",
    "category": "food"
  },
  {
    "id": "hajime-kansai-0dde23e4",
    "name": "Hajime",
    "city": "Osaka",
    "category": "food"
  },
  {
    "id": "osaka-ohsho-dotonbori-kansai-52a57651",
    "name": "Osaka Ohsho Dotonbori",
    "city": "Osaka",
    "category": "food"
  },
  {
    "id": "izakaya-toyo-kansai-e67cf7ce",
    "name": "Izakaya Toyo",
    "city": "Osaka",
    "category": "food"
  },
  {
    "id": "senjutei-kansai-35e81147",
    "name": "Senjutei",
    "city": "Sakurai",
    "category": "food"
  },
  {
    "id": "crab-hut-chugoku-0461cb0e",
    "name": "Matsue Kaniichi",
    "city": "Shimane",
    "category": "restaurant"
  },
  {
    "id": "-tour-of-facilities-yamaroku-soy-sauce-soy-sauce-brewery-shikoku-e11bb9b6",
    "name": "Yama-Roku Shoyu",
    "city": "Shodoshima",
    "category": "food"
  },
  {
    "id": "sanuki-rock-shikoku-008ec784",
    "name": "Sanuki Rock",
    "city": "Takamatsu",
    "category": "food"
  },
  {
    "id": "udon-ippuku-shikoku-5848504d",
    "name": "Udon Ippuku",
    "city": "Takamatsu",
    "category": "food"
  },
  {
    "id": "tenkatsu-shikoku-b3037485",
    "name": "Tenkatsu",
    "city": "Takamatsu",
    "category": "food"
  },
  {
    "id": "merikenya-takamatsu-station-shikoku-fcc646b5",
    "name": "Merikenya Takamatsu Station",
    "city": "Takamatsu",
    "category": "food"
  },
  {
    "id": "ramen-suzumushi-shikoku-82c5ca6e",
    "name": "Ramen Suzumushi",
    "city": "Takamatsu",
    "category": "food"
  },
  {
    "id": "honetsukidori-azuma-shikoku-0324cad3",
    "name": "Honetsukidori Azuma",
    "city": "Takamatsu",
    "category": "food"
  },
  {
    "id": "shinpei-udon-shikoku-0776e614",
    "name": "Shinpei Udon",
    "city": "Takamatsu",
    "category": "food"
  },
  {
    "id": "setouchi-ajidokoro-katsu-shikoku-b0d3542f",
    "name": "Setouchi Ajidokoro Katsu",
    "city": "Takamatsu",
    "category": "food"
  },
  {
    "id": "grill-plancha-shikoku-8a68f431",
    "name": "Grill Plancha",
    "city": "Takamatsu",
    "category": "food"
  },
  {
    "id": "ueharaya-honten-shikoku-5e14557c",
    "name": "Ueharaya Honten",
    "city": "Takamatsu",
    "category": "food"
  },
  {
    "id": "cafe-kuguri-shikoku-f865d3bd",
    "name": "Cafe Kuguri",
    "city": "Takamatsu",
    "category": "food"
  },
  {
    "id": "sake-to-sakana-shikoku-89ed88aa",
    "name": "Sake to Sakana",
    "city": "Takamatsu",
    "category": "food"
  },
  {
    "id": "tamoya-honten-shikoku-4e10c74d",
    "name": "Tamoya Honten",
    "city": "Takamatsu",
    "category": "food"
  },
  {
    "id": "kiyowatei-shikoku-012d2565",
    "name": "Kiyowatei",
    "city": "Takamatsu",
    "category": "food"
  },
  {
    "id": "uoichiba-ogase-shikoku-7d483a36",
    "name": "Uoichiba Ogase",
    "city": "Takamatsu",
    "category": "food"
  },
  {
    "id": "keyaki-cafe-shikoku-a8129870",
    "name": "Keyaki Cafe",
    "city": "Takamatsu",
    "category": "food"
  },
  {
    "id": "yakiniku-nakagawa-shikoku-946234da",
    "name": "Yakiniku Nakagawa",
    "city": "Takamatsu",
    "category": "food"
  },
  {
    "id": "robata-yaki-amiya-shikoku-99c82fd9",
    "name": "Robata Yaki Amiya",
    "city": "Takamatsu",
    "category": "food"
  },
  {
    "id": "azuki-bakery-shikoku-3ae47df9",
    "name": "Azuki Bakery",
    "city": "Takamatsu",
    "category": "food"
  },
  {
    "id": "goument-shikoku-c1574e61",
    "name": "Goument",
    "city": "Takamatsu",
    "category": "food"
  },
  {
    "id": "itamae-izakaya-kiraku-shikoku-46b439d8",
    "name": "Itamae Izakaya Kiraku",
    "city": "Takamatsu",
    "category": "food"
  },
  {
    "id": "funachu-shikoku-59ee725d",
    "name": "Funachu",
    "city": "Takamatsu",
    "category": "food"
  },
  {
    "id": "sanbue-shikoku-8866f43c",
    "name": "Sanbue",
    "city": "Takamatsu",
    "category": "food"
  },
  {
    "id": "tsuruya-shikoku-16a33d1b",
    "name": "Tsuruya",
    "city": "Takamatsu",
    "category": "food"
  },
  {
    "id": "godhand-shikoku-044fd36d",
    "name": "Godhand",
    "city": "Takamatsu",
    "category": "food"
  },
  {
    "id": "steak-house-yamashita-shikoku-1465c538",
    "name": "Steak House Yamashita",
    "city": "Takamatsu",
    "category": "food"
  },
  {
    "id": "agura-shikoku-a7f2d6d0",
    "name": "Agura",
    "city": "Takamatsu",
    "category": "food"
  },
  {
    "id": "udon-market-shikoku-56355ca6",
    "name": "Udon Market",
    "city": "Takamatsu",
    "category": "food"
  },
  {
    "id": "cafe-asu-shikoku-16e559de",
    "name": "Cafe Asu",
    "city": "Takamatsu",
    "category": "food"
  },
  {
    "id": "sushikatsu-shikoku-9f4b5af5",
    "name": "Sushikatsu",
    "city": "Takamatsu",
    "category": "food"
  },
  {
    "id": "menya-kiseki-shikoku-fd2c8290",
    "name": "Menya Kiseki",
    "city": "Takamatsu",
    "category": "food"
  },
  {
    "id": "takamatsu-central-wholesale-market-shikoku-529c61f9",
    "name": "Takamatsu Central Wholesale Market",
    "city": "Takamatsu",
    "category": "food"
  },
  {
    "id": "lantana-shikoku-27cc3c33",
    "name": "Lantana",
    "city": "Takamatsu",
    "category": "food"
  },
  {
    "id": "hidamari-kaki-gori-stand-shikoku-c9ee33fd",
    "name": "Hidamari Kaki-Gori Stand",
    "city": "Takamatsu",
    "category": "food"
  },
  {
    "id": "matsushita-seimenjo-shikoku-2daa8cd2",
    "name": "Matsushita Seimenjo",
    "city": "Takamatsu",
    "category": "food"
  },
  {
    "id": "ranmaru-shikoku-9b31578c",
    "name": "Ranmaru",
    "city": "Takamatsu",
    "category": "food"
  },
  {
    "id": "umie-shikoku-71df886c",
    "name": "Umie",
    "city": "Takamatsu",
    "category": "food"
  },
  {
    "id": "kaisen-umai-monoya-hamakaido-shikoku-7b462125",
    "name": "Kaisen Umai Monoya Hamakaido",
    "city": "Takamatsu",
    "category": "food"
  },
  {
    "id": "sakaeda-udon-shikoku-221be034",
    "name": "Sakaeda Udon",
    "city": "Takamatsu",
    "category": "food"
  },
  {
    "id": "teuchi-udon-tsurumaru-shikoku-18c6294a",
    "name": "Teuchi Udon Tsurumaru",
    "city": "Takamatsu",
    "category": "food"
  },
  {
    "id": "machi-no-shule-963-shikoku-fc3997dc",
    "name": "Machi no Shule 963",
    "city": "Takamatsu",
    "category": "food"
  },
  {
    "id": "honetsukidori-yoridorimidori-shikoku-1fcd03d0",
    "name": "Honetsukidori Yoridorimidori",
    "city": "Takamatsu",
    "category": "food"
  },
  {
    "id": "chikusei-shikoku-9f8d02c9",
    "name": "Chikusei",
    "city": "Takamatsu",
    "category": "food"
  },
  {
    "id": "waraya-shikoku-cd55a172",
    "name": "Waraya",
    "city": "Takamatsu",
    "category": "food"
  },
  {
    "id": "ikkaku-takamatsu-shikoku-a42e04e1",
    "name": "Ikkaku Takamatsu",
    "city": "Takamatsu",
    "category": "food"
  },
  {
    "id": "teuchi-judan-udon-baka-ichidai-shikoku-cc428c6d",
    "name": "Teuchi Judan Udon Baka Ichidai",
    "city": "Takamatsu",
    "category": "food"
  },
  {
    "id": "tenri-stamina-ramen-honten-kansai-19749cfc",
    "name": "Tenri Stamina Ramen Honten",
    "city": "Tenri",
    "category": "food"
  },
  {
    "id": "saika-ramen-honten-kansai-15fb0bc5",
    "name": "Saika Ramen Honten",
    "city": "Tenri",
    "category": "food"
  },
  {
    "id": "ganshu-shikoku-058f468e",
    "name": "Ganshu",
    "city": "Tokushima",
    "category": "food"
  },
  {
    "id": "namidame-shikoku-a6417166",
    "name": "Namidame",
    "city": "Tokushima",
    "category": "food"
  },
  {
    "id": "cafe-contigo-shikoku-270943e8",
    "name": "Cafe Contigo",
    "city": "Tokushima",
    "category": "food"
  },
  {
    "id": "awaan-shikoku-eed12d60",
    "name": "Awaan",
    "city": "Tokushima",
    "category": "food"
  },
  {
    "id": "ousho-shikoku-25b247b0",
    "name": "Ousho",
    "city": "Tokushima",
    "category": "food"
  },
  {
    "id": "ikkaku-shikoku-97e969d4",
    "name": "Ikkaku",
    "city": "Tokushima",
    "category": "food"
  },
  {
    "id": "kintoki-kitchen-shikoku-d0d62083",
    "name": "Kintoki Kitchen",
    "city": "Tokushima",
    "category": "food"
  },
  {
    "id": "ramen-kinto-shikoku-e9f6aa1c",
    "name": "Ramen Kinto",
    "city": "Tokushima",
    "category": "food"
  },
  {
    "id": "cafe-role-shikoku-3e6d9110",
    "name": "Cafe Role",
    "city": "Tokushima",
    "category": "food"
  },
  {
    "id": "tototo-shikoku-33917cbc",
    "name": "Tototo",
    "city": "Tokushima",
    "category": "food"
  },
  {
    "id": "cafe-limone-shikoku-31f907bf",
    "name": "Cafe Limone",
    "city": "Tokushima",
    "category": "food"
  },
  {
    "id": "yakiniku-ten-zan-kaku-shikoku-59935d9a",
    "name": "Yakiniku Ten-zan-kaku",
    "city": "Tokushima",
    "category": "food"
  },
  {
    "id": "wanko-soba-shikoku-58c5aee5",
    "name": "Wanko Soba",
    "city": "Tokushima",
    "category": "food"
  },
  {
    "id": "tokushima-marche-shikoku-462bbc42",
    "name": "Tokushima Marche",
    "city": "Tokushima",
    "category": "food"
  },
  {
    "id": "kashin-shikoku-170f03e0",
    "name": "Kashin",
    "city": "Tokushima",
    "category": "food"
  },
  {
    "id": "fukumo-shikoku-e72dd7d1",
    "name": "Fukumo",
    "city": "Tokushima",
    "category": "food"
  },
  {
    "id": "ramen-sanpa-shikoku-e9929cee",
    "name": "Ramen Sanpa",
    "city": "Tokushima",
    "category": "food"
  },
  {
    "id": "ramen-todai-omichi-honten-shikoku-516b20d0",
    "name": "Ramen Todai Omichi Honten",
    "city": "Tokushima",
    "category": "food"
  },
  {
    "id": "torigian-shikoku-09d645f6",
    "name": "Torigian",
    "city": "Tokushima",
    "category": "food"
  },
  {
    "id": "kuramoto-coffee-shikoku-1c21fdf4",
    "name": "Kuramoto Coffee",
    "city": "Tokushima",
    "category": "food"
  },
  {
    "id": "mamebon-shikoku-9bcb10e1",
    "name": "Mamebon",
    "city": "Tokushima",
    "category": "food"
  },
  {
    "id": "agnes-pastry-boutique-shikoku-78cb301a",
    "name": "Agnes Pastry Boutique",
    "city": "Tokushima",
    "category": "food"
  },
  {
    "id": "arata-shikoku-a8c5c0b7",
    "name": "Arata",
    "city": "Tokushima",
    "category": "food"
  },
  {
    "id": "isaribi-shikoku-e2d3e838",
    "name": "Isaribi",
    "city": "Tokushima",
    "category": "food"
  },
  {
    "id": "sushiroku-shikoku-33a12f6c",
    "name": "Sushiroku",
    "city": "Tokushima",
    "category": "food"
  },
  {
    "id": "chuka-soba-inotani-honten-shikoku-3c4168e3",
    "name": "Chuka Soba Inotani Honten",
    "city": "Tokushima",
    "category": "food"
  },
  {
    "id": "men-o-shikoku-bfe4dcc2",
    "name": "Men O",
    "city": "Tokushima",
    "category": "food"
  },
  {
    "id": "chuuka-soba-tasya-shikoku-52a5ece9",
    "name": "Chuuka Soba Tasya",
    "city": "Tokushima",
    "category": "food"
  },
  {
    "id": "kapoue-shikoku-4b076428",
    "name": "Kapoue",
    "city": "Tokushima",
    "category": "food"
  },
  {
    "id": "wada-no-yaukun-shikoku-3148388b",
    "name": "Wada no Yaukun",
    "city": "Tokushima",
    "category": "food"
  },
  {
    "id": "awa-kemuri-shikoku-71c93113",
    "name": "Awa Kemuri",
    "city": "Tokushima",
    "category": "food"
  },
  {
    "id": "domannaka-shikoku-e151761c",
    "name": "Domannaka",
    "city": "Tokushima",
    "category": "food"
  },
  {
    "id": "takashima-coffee-shikoku-a978c776",
    "name": "Takashima Coffee",
    "city": "Tokushima",
    "category": "food"
  },
  {
    "id": "hachiman-shikoku-0af95873",
    "name": "Hachiman",
    "city": "Tokushima",
    "category": "food"
  },
  {
    "id": "kappo-hamai-shikoku-dc67e558",
    "name": "Kappo Hamai",
    "city": "Tokushima",
    "category": "food"
  },
  {
    "id": "suntory-tokyo-musashino-kanto-95db6fa7",
    "name": "Suntory Tokyo-Musashino",
    "city": "Tokyo",
    "category": "food"
  },
  {
    "id": "kotobuki-castle-for-sweets-the-building-located-at-the-foot-of-mt-chugoku-eddfd29b",
    "name": "Sweets Castle \"Kotobuki-jo\"",
    "city": "Tottori",
    "category": "restaurant"
  },
  {
    "id": "kirin-brewery-kanto-a0fa7568",
    "name": "Kirin Brewery",
    "city": "Yokohama",
    "category": "food"
  },
  {
    "id": "tangoya-brewery-kansai-8a26ed3a",
    "name": "TANGOYA BREWERY & PUBLIC HOUSE",
    "city": "Yosano",
    "category": "food"
  }
]
